file_path,status,prediction,best_label,confidence
C:\Users\ashu\Downloads\AdditionalDocuments\12m Open\DRAWINGS\0444 -520-100 Bilge System Schematic Rev A.pdf,UNKNOWN,UNKNOWN,Drawing,0.5026317464186161
C:\Users\ashu\Downloads\AdditionalDocuments\12m Open\DRAWINGS\0444-034-200 12m Open Tender Garage Fit Rev A.pdf,OK,Drawing,Drawing,0.7861534818335549
C:\Users\ashu\Downloads\AdditionalDocuments\12m Open\DRAWINGS\0444-034-220 Lifting Point Hatch Rev A.pdf,UNKNOWN,UNKNOWN,Drawing,0.5121164146239346
C:\Users\ashu\Downloads\AdditionalDocuments\12m Open\DRAWINGS\0444-110-510 Hull Bondouts Rev A.pdf,UNKNOWN,UNKNOWN,Drawing,0.5504702206946982
C:\Users\ashu\Downloads\AdditionalDocuments\12m Open\DRAWINGS\0444-130-310 Deck Added Panels Rev A.pdf,UNKNOWN,UNKNOWN,Drawing,0.4983934348571236
C:\Users\ashu\Downloads\AdditionalDocuments\12m Open\DRAWINGS\0444-140-305 Deck Bondouts Rev B.pdf,UNKNOWN,UNKNOWN,Drawing,0.5523007440627086
C:\Users\ashu\Downloads\AdditionalDocuments\12m Open\DRAWINGS\0444-160-312 Engine Rm Hatch Laminate & Details Rev A.pdf,UNKNOWN,UNKNOWN,Drawing,0.5513202079354853
C:\Users\ashu\Downloads\AdditionalDocuments\12m Open\DRAWINGS\0444-160-312 Engine Rm Hatch Laminate & Details Rev B.pdf,UNKNOWN,UNKNOWN,Drawing,0.5090786461140319
C:\Users\ashu\Downloads\AdditionalDocuments\12m Open\DRAWINGS\0444-160-320 Exterior Sole Hatches Rev A.pdf,UNKNOWN,UNKNOWN,Drawing,0.5364979114315751
C:\Users\ashu\Downloads\AdditionalDocuments\12m Open\DRAWINGS\0444-160-320 Exterior Sole Hatches Rev B.pdf,UNKNOWN,UNKNOWN,Drawing,0.5386585413488657
C:\Users\ashu\Downloads\AdditionalDocuments\12m Open\DRAWINGS\0444-160-325 Sole Hatch Tub Rev A.pdf,UNKNOWN,UNKNOWN,Drawing,0.6053236320103437
C:\Users\ashu\Downloads\AdditionalDocuments\12m Open\DRAWINGS\0444-160-330 Fender Storage Rev A.pdf,UNKNOWN,UNKNOWN,Drawing,0.551727349331323
C:\Users\ashu\Downloads\AdditionalDocuments\12m Open\DRAWINGS\0444-160-340 ER Access Hatch Rev B.pdf,UNKNOWN,UNKNOWN,Drawing,0.7494221141416412
C:\Users\ashu\Downloads\AdditionalDocuments\12m Open\DRAWINGS\0444-180-100 Anchor Locker Panels Rev A .pdf,UNKNOWN,UNKNOWN,Drawing,0.5186404736522712
C:\Users\ashu\Downloads\AdditionalDocuments\12m Open\DRAWINGS\0444-240-202 Engine Room Air Vent Rev A.pdf,UNKNOWN,UNKNOWN,Drawing,0.5534641036064863
C:\Users\ashu\Downloads\AdditionalDocuments\12m Open\DRAWINGS\0444-280-100 FUEL SYSTEM SCHEMATIC Rev A.pdf,UNKNOWN,UNKNOWN,Drawing,0.5165239954749089
C:\Users\ashu\Downloads\AdditionalDocuments\12m Open\DRAWINGS\0444-320-200 AC DC ELECTRICAL SCHEMATIC WITH C-ZONE REV A-SHEET 1 OF 8.pdf,UNKNOWN,UNKNOWN,Drawing,0.4875455674081441
C:\Users\ashu\Downloads\AdditionalDocuments\12m Open\DRAWINGS\0444-320-200 AC DC ELECTRICAL SCHEMATIC WITH C-ZONE REV A-SHEET 2 OF 8.pdf,UNKNOWN,UNKNOWN,Drawing,0.5192293815458866
C:\Users\ashu\Downloads\AdditionalDocuments\12m Open\DRAWINGS\0444-320-200 AC DC ELECTRICAL SCHEMATIC WITH C-ZONE REV A-SHEET 3 OF 8.pdf,UNKNOWN,UNKNOWN,Drawing,0.7134590426010813
C:\Users\ashu\Downloads\AdditionalDocuments\12m Open\DRAWINGS\0444-320-200 AC DC ELECTRICAL SCHEMATIC WITH C-ZONE REV A-SHEET 4 OF 8.pdf,UNKNOWN,UNKNOWN,Drawing,0.4819835356208648
C:\Users\ashu\Downloads\AdditionalDocuments\12m Open\DRAWINGS\0444-320-200 AC DC ELECTRICAL SCHEMATIC WITH C-ZONE REV A-SHEET 5 OF 8.pdf,UNKNOWN,UNKNOWN,Drawing,0.6221576382122823
C:\Users\ashu\Downloads\AdditionalDocuments\12m Open\DRAWINGS\0444-320-200 AC DC ELECTRICAL SCHEMATIC WITH C-ZONE REV A-SHEET 6 OF 8.pdf,UNKNOWN,UNKNOWN,Drawing,0.4262867731959333
C:\Users\ashu\Downloads\AdditionalDocuments\12m Open\DRAWINGS\0444-320-200 AC DC ELECTRICAL SCHEMATIC WITH C-ZONE REV A-SHEET 7 OF 8.pdf,UNKNOWN,UNKNOWN,Drawing,0.7094239366934765
C:\Users\ashu\Downloads\AdditionalDocuments\12m Open\DRAWINGS\0444-320-200 AC DC ELECTRICAL SCHEMATIC WITH C-ZONE REV A-SHEET 8 OF 8.pdf,UNKNOWN,UNKNOWN,Drawing,0.658326683214257
C:\Users\ashu\Downloads\AdditionalDocuments\12m Open\DRAWINGS\0444-320-230 ENG RM SHUTDOWN SYSTEM ELECTRICAL SCHEMATIC REV A-SHEET 1.pdf,UNKNOWN,UNKNOWN,Drawing,0.39008487498124017
C:\Users\ashu\Downloads\AdditionalDocuments\12m Open\DRAWINGS\0444-320-250  PUMPS ELECTRICAL SCHEMATIC REV A-1 OF 2.pdf,UNKNOWN,UNKNOWN,Drawing,0.41420936819289067
C:\Users\ashu\Downloads\AdditionalDocuments\12m Open\DRAWINGS\0444-320-250  PUMPS ELECTRICAL SCHEMATIC REV A-2 OF 2.pdf,UNKNOWN,UNKNOWN,Drawing,0.5864458827225811
C:\Users\ashu\Downloads\AdditionalDocuments\12m Open\DRAWINGS\0444-330-100 Lighting Layout Rev B.pdf,UNKNOWN,UNKNOWN,Drawing,0.4847199947062483
C:\Users\ashu\Downloads\AdditionalDocuments\12m Open\DRAWINGS\0444-340-200 ELECTRONICS SCHEMATIC REV A-SHEET  2.pdf,UNKNOWN,UNKNOWN,Drawing,0.42585586637861367
C:\Users\ashu\Downloads\AdditionalDocuments\12m Open\DRAWINGS\0444-340-200 ELECTRONICS SCHEMATIC REV A-SHEET 1.pdf,UNKNOWN,UNKNOWN,Drawing,0.47039262562288003
C:\Users\ashu\Downloads\AdditionalDocuments\12m Open\DRAWINGS\0444-340-200 Helm Layout Rev A.pdf,UNKNOWN,UNKNOWN,Drawing,0.5855748179773675
C:\Users\ashu\Downloads\AdditionalDocuments\12m Open\DRAWINGS\0444-510-300 Demister Plenum Fabrication Rev A.pdf,UNKNOWN,UNKNOWN,Drawing,0.5679492011031749
C:\Users\ashu\Downloads\AdditionalDocuments\12m Open\DRAWINGS\0444-530-110 Fuel Tank Rev A.pdf,UNKNOWN,UNKNOWN,Drawing,0.7219021399853912
C:\Users\ashu\Downloads\AdditionalDocuments\12m Open\DRAWINGS\0444-540-100 Fresh Water Schematic Rev A.pdf,UNKNOWN,UNKNOWN,Drawing,0.5520410935519974
C:\Users\ashu\Downloads\AdditionalDocuments\12m Open\DRAWINGS\0444-580-210 Anchor Layout & Details Rev A.pdf,UNKNOWN,UNKNOWN,Drawing,0.5375373446393075
C:\Users\ashu\Downloads\AdditionalDocuments\12m Open\DRAWINGS\0444-580-356 Rev A Ski Tow Arch Fabrication.pdf,UNKNOWN,UNKNOWN,Drawing,0.6193529991126172
C:\Users\ashu\Downloads\AdditionalDocuments\12m Open\DRAWINGS\0444-580-356 Rev A.1 Ski Tow Arch Fabrication.pdf,UNKNOWN,UNKNOWN,Drawing,0.6193529991126172
C:\Users\ashu\Downloads\AdditionalDocuments\12m Open\DRAWINGS\0444-610-200 Stairs Rev A.pdf,UNKNOWN,UNKNOWN,Drawing,0.46126858305201734
C:\Users\ashu\Downloads\AdditionalDocuments\12m Open\DRAWINGS\0444-620-305 Deck Drawer Construction Rev A.pdf,UNKNOWN,UNKNOWN,Drawing,0.5327826809127667
C:\Users\ashu\Downloads\AdditionalDocuments\12m Open\DRAWINGS\0444-620-340 Flag pole and socket Rev A.pdf,UNKNOWN,UNKNOWN,Drawing,0.7080220592357379
C:\Users\ashu\Downloads\AdditionalDocuments\12m Open\DRAWINGS\0444-640-200 Deck Covering REV B.pdf,UNKNOWN,UNKNOWN,Drawing,0.5367484011389437
C:\Users\ashu\Downloads\AdditionalDocuments\12m Open\DRAWINGS\0444-640-200 Deck Covering Rev C.pdf,UNKNOWN,UNKNOWN,Drawing,0.5280421644521289
C:\Users\ashu\Downloads\AdditionalDocuments\12m Open\DRAWINGS\0444-640-210 Paint Layout Rev A.pdf,UNKNOWN,UNKNOWN,Drawing,0.41174371318046704
C:\Users\ashu\Downloads\AdditionalDocuments\12m Open\DRAWINGS\0444-650-315 Luggage Locker Door Rev A.pdf,UNKNOWN,UNKNOWN,Drawing,0.5553582103601956
C:\Users\ashu\Downloads\AdditionalDocuments\12m Open\DRAWINGS\0444-650-350 Hull Side Doors Rev A.pdf,UNKNOWN,UNKNOWN,Drawing,0.5467534151452523
C:\Users\ashu\Downloads\AdditionalDocuments\12m Open\DRAWINGS\0444-670-200 Deck Hardware Layout Rev A.pdf,UNKNOWN,UNKNOWN,Drawing,0.5735146483258646
C:\Users\ashu\Downloads\AdditionalDocuments\12m Open\DRAWINGS\0444-670-210 Handrail Layout Rev B.pdf,UNKNOWN,UNKNOWN,Drawing,0.5609330477645535
C:\Users\ashu\Downloads\AdditionalDocuments\12m Open\DRAWINGS\0444-670-300 Spotlight Mounting Plate Rev B.pdf,UNKNOWN,UNKNOWN,Drawing,0.5185283333849414
C:\Users\ashu\Downloads\AdditionalDocuments\12m Open\DRAWINGS\0444-670-310 Upholstery Rev A.pdf,UNKNOWN,UNKNOWN,Drawing,0.5136866336052435
C:\Users\ashu\Downloads\AdditionalDocuments\12m Open\DRAWINGS\0444-670-320 Bollard & Burgee Staff Rev A.pdf,UNKNOWN,UNKNOWN,Drawing,0.5065530892222588
C:\Users\ashu\Downloads\AdditionalDocuments\12m Open\DRAWINGS\0444-670-355 Dive Bottle Rack .pdf,UNKNOWN,UNKNOWN,Drawing,0.530460253245876
C:\Users\ashu\Downloads\AdditionalDocuments\12m Open\DRAWINGS\0444-690-300 Stern Rails & Swim Ladder Rev A.pdf,UNKNOWN,UNKNOWN,Drawing,0.542663693257759
C:\Users\ashu\Downloads\AdditionalDocuments\12m Open\DRAWINGS\0444-700-301 Shipping Cradle Rev A.pdf,UNKNOWN,UNKNOWN,Drawing,0.5449791311206854
C:\Users\ashu\Downloads\AdditionalDocuments\12m Open\DRAWINGS\530-001 General Arrangement Compressed File.pdf,UNKNOWN,UNKNOWN,Drawing,0.43175683364348694
C:\Users\ashu\Downloads\AdditionalDocuments\12m Open\DRAWINGS\530-101-01 Hull Lines.pdf,UNKNOWN,UNKNOWN,Drawing,0.6692350772770658
C:\Users\ashu\Downloads\AdditionalDocuments\12m Open\DRAWINGS\530-102-01 Deck Lines - Rev A.pdf,UNKNOWN,UNKNOWN,Drawing,0.721141223605293
C:\Users\ashu\Downloads\AdditionalDocuments\12m Open\DRAWINGS\530-102-01 Deck Lines.pdf,UNKNOWN,UNKNOWN,Drawing,0.7491411301559775
C:\Users\ashu\Downloads\AdditionalDocuments\12m Open\DRAWINGS\530-103 Exterior Furniture & Small Parts.pdf,UNKNOWN,UNKNOWN,Drawing,0.49039821780112675
C:\Users\ashu\Downloads\AdditionalDocuments\12m Open\DRAWINGS\530-1102-01 Helm Visibility.pdf,UNKNOWN,UNKNOWN,Drawing,0.4795483299036621
C:\Users\ashu\Downloads\AdditionalDocuments\12m Open\DRAWINGS\530-201 Hull Lamination.pdf,UNKNOWN,UNKNOWN,Drawing,0.6357826831597746
C:\Users\ashu\Downloads\AdditionalDocuments\12m Open\DRAWINGS\530-202 RevC Structural Grid & Transverse Frames.pdf,UNKNOWN,UNKNOWN,Drawing,0.7164701173159144
C:\Users\ashu\Downloads\AdditionalDocuments\12m Open\DRAWINGS\530-203 Interior Soles.pdf,UNKNOWN,UNKNOWN,Drawing,0.6207847322389394
C:\Users\ashu\Downloads\AdditionalDocuments\12m Open\DRAWINGS\530-301 Deck Lamination.pdf,OK,Drawing,Drawing,0.7612223536304628
C:\Users\ashu\Downloads\AdditionalDocuments\12m Open\DRAWINGS\530-302 Deck Structure.pdf,OK,Drawing,Drawing,0.8293116861731724
C:\Users\ashu\Downloads\AdditionalDocuments\12m Open\DRAWINGS\530-303 Small Parts Lamination.pdf,UNKNOWN,UNKNOWN,Drawing,0.6990637169372694
C:\Users\ashu\Downloads\AdditionalDocuments\12m Open\DRAWINGS\530-401 Major Machinery Layout.pdf,UNKNOWN,UNKNOWN,Drawing,0.595747060859126
C:\Users\ashu\Downloads\AdditionalDocuments\12m Open\DRAWINGS\530-402 Engine Installation.pdf,UNKNOWN,UNKNOWN,Drawing,0.6040170026539938
C:\Users\ashu\Downloads\AdditionalDocuments\12m Open\DRAWINGS\530-403 Bow Thruster & Interceptor Layout.pdf,UNKNOWN,UNKNOWN,Drawing,0.6213090922023086
C:\Users\ashu\Downloads\AdditionalDocuments\12m Open\DRAWINGS\530-805 Anchoring System Layout.pdf,UNKNOWN,UNKNOWN,Drawing,0.5885049006884151
C:\Users\ashu\Downloads\AdditionalDocuments\12m Open\Equipment Cut-Sheets\10 - Stern Drive\Volvo Penta D6-440 DPI cut-sheet.pdf,UNKNOWN,UNKNOWN,Manual,0.5357826142456484
C:\Users\ashu\Downloads\AdditionalDocuments\12m Open\Equipment Cut-Sheets\100 - Fuel Deck Fill\Deck-fillers_datasheet.pdf,UNKNOWN,UNKNOWN,Datasheet,0.5993443491949573
C:\Users\ashu\Downloads\AdditionalDocuments\12m Open\Equipment Cut-Sheets\105 - Vent Fitting\Attwood Flush Fuel Vent Install.pdf,UNKNOWN,UNKNOWN,Manual,0.555964718081391
C:\Users\ashu\Downloads\AdditionalDocuments\12m Open\Equipment Cut-Sheets\105 - Vent Fitting\Tank Vent cut-sheet.pdf,UNKNOWN,UNKNOWN,Datasheet,0.4514706729264345
C:\Users\ashu\Downloads\AdditionalDocuments\12m Open\Equipment Cut-Sheets\105 - Vent Fitting\Tank Vent.pdf,UNKNOWN,UNKNOWN,Manual,0.5358828894169436
C:\Users\ashu\Downloads\AdditionalDocuments\12m Open\Equipment Cut-Sheets\110 - Electric Bilge Pump\RUL-PMP-MANUAL.pdf,UNKNOWN,UNKNOWN,Datasheet,0.4377469557874724
C:\Users\ashu\Downloads\AdditionalDocuments\12m Open\Equipment Cut-Sheets\110 - Electric Bilge Pump\Rule Bilge Pump.pdf,UNKNOWN,UNKNOWN,Certificate,0.36379114982653815
C:\Users\ashu\Downloads\AdditionalDocuments\12m Open\Equipment Cut-Sheets\115 - Manual Bilge Pump\MBP_Urchin.pdf,UNKNOWN,UNKNOWN,Manual,0.38358090707566395
C:\Users\ashu\Downloads\AdditionalDocuments\12m Open\Equipment Cut-Sheets\115 - Manual Bilge Pump\Whale Gusher Urchin Datasheet.pdf,UNKNOWN,UNKNOWN,Manual,0.6953986971411177
C:\Users\ashu\Downloads\AdditionalDocuments\12m Open\Equipment Cut-Sheets\120 - Side Strainer\Whale Side Strainer.pdf,UNKNOWN,UNKNOWN,Datasheet,0.31710050475938356
C:\Users\ashu\Downloads\AdditionalDocuments\12m Open\Equipment Cut-Sheets\125 - Bilge Pump Switch high water alarm\Ultra Pump Switches.pdf,UNKNOWN,UNKNOWN,Manual,0.37265122255426464
C:\Users\ashu\Downloads\AdditionalDocuments\12m Open\Equipment Cut-Sheets\125 - Bilge Pump Switch high water alarm\Ultra Safety Systems UPS-01-12V.pdf,UNKNOWN,UNKNOWN,Datasheet,0.4016280213050773
C:\Users\ashu\Downloads\AdditionalDocuments\12m Open\Equipment Cut-Sheets\130 - Sump Box Pump\Rule Pump cut-sheet.pdf,UNKNOWN,UNKNOWN,Datasheet,0.3735605285906061
C:\Users\ashu\Downloads\AdditionalDocuments\12m Open\Equipment Cut-Sheets\130 - Sump Box Pump\Rule Pump maual.pdf,UNKNOWN,UNKNOWN,Manual,0.5690092826087889
C:\Users\ashu\Downloads\AdditionalDocuments\12m Open\Equipment Cut-Sheets\135 - Sump Box Pump Switch\ULTRA Bilge Pumpswitch™.pdf,UNKNOWN,UNKNOWN,Certificate,0.35362283937180733
C:\Users\ashu\Downloads\AdditionalDocuments\12m Open\Equipment Cut-Sheets\140 - Fresh Water Tank\0444-530-110 Fuel Tank Rev A.pdf,UNKNOWN,UNKNOWN,Drawing,0.7219021399853912
C:\Users\ashu\Downloads\AdditionalDocuments\12m Open\Equipment Cut-Sheets\145 - Fresh Water Pump\Vetus WP1213B  Manual.pdf,UNKNOWN,UNKNOWN,Manual,0.3345340499554668
C:\Users\ashu\Downloads\AdditionalDocuments\12m Open\Equipment Cut-Sheets\15 - Propeller\Volvo Penta D6-440 DPI cut-sheet.pdf,UNKNOWN,UNKNOWN,Manual,0.5357826142456484
C:\Users\ashu\Downloads\AdditionalDocuments\12m Open\Equipment Cut-Sheets\150 - Fresh Water Tank Sender\Vetus Sensor 38-0.pdf,UNKNOWN,UNKNOWN,Datasheet,0.41275505779943805
C:\Users\ashu\Downloads\AdditionalDocuments\12m Open\Equipment Cut-Sheets\155 - Fresh Water Fill\DECK FILLERS DATASHEET.pdf,UNKNOWN,UNKNOWN,Datasheet,0.4597975675325594
C:\Users\ashu\Downloads\AdditionalDocuments\12m Open\Equipment Cut-Sheets\155 - Fresh Water Fill\DF40X.dft.pdf,UNKNOWN,UNKNOWN,Drawing,0.4126623274452216
C:\Users\ashu\Downloads\AdditionalDocuments\12m Open\Equipment Cut-Sheets\155 - Fresh Water Fill\installation instruction deck fill.pdf,UNKNOWN,UNKNOWN,Datasheet,0.4429412242369811
C:\Users\ashu\Downloads\AdditionalDocuments\12m Open\Equipment Cut-Sheets\155 - Fresh Water Fill\manuntenzione_deck_filler.pdf,UNKNOWN,UNKNOWN,Datasheet,0.4384437621012742
C:\Users\ashu\Downloads\AdditionalDocuments\12m Open\Equipment Cut-Sheets\160 - Fresh Water Tank Vent\Tank Vent cut-sheet.pdf,UNKNOWN,UNKNOWN,Datasheet,0.4514706729264345
C:\Users\ashu\Downloads\AdditionalDocuments\12m Open\Equipment Cut-Sheets\160 - Fresh Water Tank Vent\Tank Vent.pdf,UNKNOWN,UNKNOWN,Manual,0.5358828894169436
C:\Users\ashu\Downloads\AdditionalDocuments\12m Open\Equipment Cut-Sheets\165 - Washdown Quick Connect\Jabsco 31911-0000.pdf,UNKNOWN,UNKNOWN,Certificate,0.3928540956669375
C:\Users\ashu\Downloads\AdditionalDocuments\12m Open\Equipment Cut-Sheets\175 - Moisture Eliminators - Demisters\MoistureEliminatorsRectangularSpecSheet2017.pdf,UNKNOWN,UNKNOWN,Datasheet,0.6994365146939943
C:\Users\ashu\Downloads\AdditionalDocuments\12m Open\Equipment Cut-Sheets\180 - Exhaust Fan\F-09-12 and 24 SPECS.pdf,UNKNOWN,UNKNOWN,Certificate,0.41515612033857896
C:\Users\ashu\Downloads\AdditionalDocuments\12m Open\Equipment Cut-Sheets\185- ER Automatic Fire System\Installation-Manual.pdf,OK,Manual,Manual,0.8973171744576358
C:\Users\ashu\Downloads\AdditionalDocuments\12m Open\Equipment Cut-Sheets\185- ER Automatic Fire System\NOVEC PRE-ENGINEERED CE CERTIFICATE.pdf,OK,Certificate,Certificate,0.7545506107186953
C:\Users\ashu\Downloads\AdditionalDocuments\12m Open\Equipment Cut-Sheets\185- ER Automatic Fire System\SEA FIRE DATA SHEET.pdf,UNKNOWN,UNKNOWN,Datasheet,0.42163520753218825
C:\Users\ashu\Downloads\AdditionalDocuments\12m Open\Equipment Cut-Sheets\185- ER Automatic Fire System\Sea-Fire NFD-NFG Manual.pdf,UNKNOWN,UNKNOWN,Manual,0.6967135593760919
C:\Users\ashu\Downloads\AdditionalDocuments\12m Open\Equipment Cut-Sheets\190 - Engine Shut Down Panel\131-440 datasheet v1.0.pdf,UNKNOWN,UNKNOWN,Datasheet,0.5226815182529332
C:\Users\ashu\Downloads\AdditionalDocuments\12m Open\Equipment Cut-Sheets\190 - Engine Shut Down Panel\Sea-Fire Support.pdf,UNKNOWN,UNKNOWN,Datasheet,0.37218892344902677
C:\Users\ashu\Downloads\AdditionalDocuments\12m Open\Equipment Cut-Sheets\195 - Fire Suppression System Monitor & Engine shutdown control\131-467 Installation Instructions.pdf,UNKNOWN,UNKNOWN,Datasheet,0.3250776087593285
C:\Users\ashu\Downloads\AdditionalDocuments\12m Open\Equipment Cut-Sheets\195 - Fire Suppression System Monitor & Engine shutdown control\Sea-Fire Support.pdf,UNKNOWN,UNKNOWN,Datasheet,0.46911374628799785
C:\Users\ashu\Downloads\AdditionalDocuments\12m Open\Equipment Cut-Sheets\20 - Bow Thruster\BOW PRO Series User Manual.pdf,UNKNOWN,UNKNOWN,Manual,0.6452392690470744
C:\Users\ashu\Downloads\AdditionalDocuments\12m Open\Equipment Cut-Sheets\20 - Bow Thruster\BOWA0761.pdf,UNKNOWN,UNKNOWN,Manual,0.7214542461253951
C:\Users\ashu\Downloads\AdditionalDocuments\12m Open\Equipment Cut-Sheets\20 - Bow Thruster\Maintenance and Warranty Manual.pdf,UNKNOWN,UNKNOWN,Manual,0.6266232395377623
C:\Users\ashu\Downloads\AdditionalDocuments\12m Open\Equipment Cut-Sheets\200 - AC Panel\360 Panel cut-sheet.pdf,UNKNOWN,UNKNOWN,Certificate,0.40881857965958274
C:\Users\ashu\Downloads\AdditionalDocuments\12m Open\Equipment Cut-Sheets\200 - AC Panel\http___panelwizard.bluesea.pdf,UNKNOWN,UNKNOWN,Datasheet,0.38866851725310697
C:\Users\ashu\Downloads\AdditionalDocuments\12m Open\Equipment Cut-Sheets\205- Galvanic Isolator Fail Safe\Guest Galvanic Isolator.pdf,UNKNOWN,UNKNOWN,Datasheet,0.3727239714775134
C:\Users\ashu\Downloads\AdditionalDocuments\12m Open\Equipment Cut-Sheets\210 - Guest Dynaplate\guest-dynaplate.pdf,UNKNOWN,UNKNOWN,Certificate,0.36292843905343003
C:\Users\ashu\Downloads\AdditionalDocuments\12m Open\Equipment Cut-Sheets\215- Shore Powre Inlet\MP32-10 manual.pdf,UNKNOWN,UNKNOWN,Datasheet,0.4124999656384739
C:\Users\ashu\Downloads\AdditionalDocuments\12m Open\Equipment Cut-Sheets\215- Shore Powre Inlet\MP32-10 shore power inlet.pdf,UNKNOWN,UNKNOWN,Datasheet,0.4925656580266046
C:\Users\ashu\Downloads\AdditionalDocuments\12m Open\Equipment Cut-Sheets\215- Shore Powre Inlet\MP32-10 statement of conformity.pdf,UNKNOWN,UNKNOWN,Certificate,0.48349368865156334
C:\Users\ashu\Downloads\AdditionalDocuments\12m Open\Equipment Cut-Sheets\220 - Shore Power Cord\Shore Power Cord 2838 32A.pdf,UNKNOWN,UNKNOWN,Datasheet,0.5485869415283905
C:\Users\ashu\Downloads\AdditionalDocuments\12m Open\Equipment Cut-Sheets\221 - Inverter\Marinco_additional_Info.pdf,UNKNOWN,UNKNOWN,Manual,0.7423516671266512
C:\Users\ashu\Downloads\AdditionalDocuments\12m Open\Equipment Cut-Sheets\221 - Inverter\Marinco_Inverter_Manual.pdf,OK,Manual,Manual,0.9460987677410073
C:\Users\ashu\Downloads\AdditionalDocuments\12m Open\Equipment Cut-Sheets\225 - Battery - Service Bank\batteries Brochure.pdf,UNKNOWN,UNKNOWN,Manual,0.5022690756596022
C:\Users\ashu\Downloads\AdditionalDocuments\12m Open\Equipment Cut-Sheets\225 - Battery - Service Bank\Mastervolt AGM Battery Users Manual.pdf,UNKNOWN,UNKNOWN,Certificate,0.3175573028257138
C:\Users\ashu\Downloads\AdditionalDocuments\12m Open\Equipment Cut-Sheets\225 - Battery - Service Bank\MSDS.pdf,UNKNOWN,UNKNOWN,Certificate,0.557152944842038
C:\Users\ashu\Downloads\AdditionalDocuments\12m Open\Equipment Cut-Sheets\230 - Battery - Thruster\batteries Brochure.pdf,UNKNOWN,UNKNOWN,Manual,0.5022690756596022
C:\Users\ashu\Downloads\AdditionalDocuments\12m Open\Equipment Cut-Sheets\230 - Battery - Thruster\Mastervolt AGM Battery Users Manual.pdf,UNKNOWN,UNKNOWN,Certificate,0.3175573028257138
C:\Users\ashu\Downloads\AdditionalDocuments\12m Open\Equipment Cut-Sheets\230 - Battery - Thruster\MSDS.pdf,UNKNOWN,UNKNOWN,Certificate,0.557152944842038
C:\Users\ashu\Downloads\AdditionalDocuments\12m Open\Equipment Cut-Sheets\235 - Battery - Engine Start\NSB-AGM 24M cutsheet.pdf,UNKNOWN,UNKNOWN,Datasheet,0.6518185580284718
C:\Users\ashu\Downloads\AdditionalDocuments\12m Open\Equipment Cut-Sheets\240 - Battery Charger\Datasheet-Centaur-Charger-EN.pdf,UNKNOWN,UNKNOWN,Datasheet,0.42098358970917055
C:\Users\ashu\Downloads\AdditionalDocuments\12m Open\Equipment Cut-Sheets\240 - Battery Charger\Manual-Centaur-charger-EN-NL-FR-DE-IT.pdf,OK,Manual,Manual,0.7860867286256417
C:\Users\ashu\Downloads\AdditionalDocuments\12m Open\Equipment Cut-Sheets\245 - Remote Battery Switch\6834-007-ML-RBS-web.pdf,UNKNOWN,UNKNOWN,Manual,0.6334404861561854
C:\Users\ashu\Downloads\AdditionalDocuments\12m Open\Equipment Cut-Sheets\245 - Remote Battery Switch\980035670-001-7713100-7717100.pdf,OK,Manual,Manual,0.7987726810546121
C:\Users\ashu\Downloads\AdditionalDocuments\12m Open\Equipment Cut-Sheets\245 - Remote Battery Switch\ML-RBS Remote Battery Switch with Manual Control Auto-Release - 12V - Blue Sea Systems.pdf,UNKNOWN,UNKNOWN,Manual,0.6052587064207782
C:\Users\ashu\Downloads\AdditionalDocuments\12m Open\Equipment Cut-Sheets\25 - Bow Thruster Joystick\BOWA joystick configuration.pdf,OK,Manual,Manual,0.8100152930365965
C:\Users\ashu\Downloads\AdditionalDocuments\12m Open\Equipment Cut-Sheets\250 - USB Outlet\SC-MULTI-F2 USB-A _ USB-C & 12V Power Socket.pdf,UNKNOWN,UNKNOWN,Drawing,0.31721446141738147
C:\Users\ashu\Downloads\AdditionalDocuments\12m Open\Equipment Cut-Sheets\255 - C-Zone COI\CZoneCOIManualv1.2.pdf,OK,Manual,Manual,0.9672569633531706
C:\Users\ashu\Downloads\AdditionalDocuments\12m Open\Equipment Cut-Sheets\255 - C-Zone COI\DATASHEET_CZone_COI_1FEB17.pdf,UNKNOWN,UNKNOWN,Manual,0.6515422548898606
C:\Users\ashu\Downloads\AdditionalDocuments\12m Open\Equipment Cut-Sheets\255 - C-Zone COI\DATASHEET_CZone_COI_DSB_Layout_1FEB17.pdf,UNKNOWN,UNKNOWN,Datasheet,0.5297395766967353
C:\Users\ashu\Downloads\AdditionalDocuments\12m Open\Equipment Cut-Sheets\260 - CZone digital switch breakout\Digital Switch breakout cut-sheet.pdf,UNKNOWN,UNKNOWN,Datasheet,0.37898057290030274
C:\Users\ashu\Downloads\AdditionalDocuments\12m Open\Equipment Cut-Sheets\265 - CZone Output interface\80-911-0007-00_TCHDAT.pdf,UNKNOWN,UNKNOWN,Manual,0.7190903735962557
C:\Users\ashu\Downloads\AdditionalDocuments\12m Open\Equipment Cut-Sheets\265 - CZone Output interface\CZone Output Interface (OI).pdf,UNKNOWN,UNKNOWN,Manual,0.42820929103246436
C:\Users\ashu\Downloads\AdditionalDocuments\12m Open\Equipment Cut-Sheets\270 - CZone SCI - Switch Control Interface\80-911-0007-00_TCHDAT.pdf,UNKNOWN,UNKNOWN,Manual,0.7190903735962557
C:\Users\ashu\Downloads\AdditionalDocuments\12m Open\Equipment Cut-Sheets\275 - Zinc Anodes (transom)\DP-Mini.pdf,UNKNOWN,UNKNOWN,Datasheet,0.6854979797024637
C:\Users\ashu\Downloads\AdditionalDocuments\12m Open\Equipment Cut-Sheets\280 - Docking Lights forward\H-2219 cut-sheet.pdf,UNKNOWN,UNKNOWN,Datasheet,0.4064973400995076
C:\Users\ashu\Downloads\AdditionalDocuments\12m Open\Equipment Cut-Sheets\280 - Docking Lights forward\H-2219 instruction manual.pdf,OK,Manual,Manual,0.8738958648328642
C:\Users\ashu\Downloads\AdditionalDocuments\12m Open\Equipment Cut-Sheets\280 - Docking Lights forward\synchronization.pdf,UNKNOWN,UNKNOWN,Datasheet,0.4217591774818769
C:\Users\ashu\Downloads\AdditionalDocuments\12m Open\Equipment Cut-Sheets\285 - Docking Lights Aft\H-2219 cut-sheet.pdf,UNKNOWN,UNKNOWN,Datasheet,0.4064973400995076
C:\Users\ashu\Downloads\AdditionalDocuments\12m Open\Equipment Cut-Sheets\285 - Docking Lights Aft\H-2219 instruction manual.pdf,OK,Manual,Manual,0.8738958648328642
C:\Users\ashu\Downloads\AdditionalDocuments\12m Open\Equipment Cut-Sheets\285 - Docking Lights Aft\synchronization.pdf,UNKNOWN,UNKNOWN,Datasheet,0.4217591774818769
C:\Users\ashu\Downloads\AdditionalDocuments\12m Open\Equipment Cut-Sheets\290 - Side Lights\201-004 2nm comb side light_ VM.pdf,UNKNOWN,UNKNOWN,Drawing,0.6176741892293055
C:\Users\ashu\Downloads\AdditionalDocuments\12m Open\Equipment Cut-Sheets\290 - Side Lights\Installation Guide 601-324.pdf,UNKNOWN,UNKNOWN,Manual,0.6475005140041062
C:\Users\ashu\Downloads\AdditionalDocuments\12m Open\Equipment Cut-Sheets\295 - Anchor steaming Light\M10 drawing.pdf,UNKNOWN,UNKNOWN,Datasheet,0.6539977333747364
C:\Users\ashu\Downloads\AdditionalDocuments\12m Open\Equipment Cut-Sheets\295 - Anchor steaming Light\M10 installation.pdf,UNKNOWN,UNKNOWN,Datasheet,0.6797321433258767
C:\Users\ashu\Downloads\AdditionalDocuments\12m Open\Equipment Cut-Sheets\295 - Anchor steaming Light\TecNiq cut-sheet.pdf,UNKNOWN,UNKNOWN,Datasheet,0.5544668168407466
C:\Users\ashu\Downloads\AdditionalDocuments\12m Open\Equipment Cut-Sheets\30 - Trim Tabs\1010130-zipwake product_specification.pdf,OK,Manual,Manual,0.9452985163420936
C:\Users\ashu\Downloads\AdditionalDocuments\12m Open\Equipment Cut-Sheets\30 - Trim Tabs\2011297-zipwake_series_s_installation_guide.pdf,OK,Manual,Manual,0.8793230700339774
C:\Users\ashu\Downloads\AdditionalDocuments\12m Open\Equipment Cut-Sheets\30 - Trim Tabs\2011298-zipwake_series_s_operators_manual.pdf,OK,Manual,Manual,0.9876983104645306
C:\Users\ashu\Downloads\AdditionalDocuments\12m Open\Equipment Cut-Sheets\30 - Trim Tabs\2011302-zipwake_series_s_operators_quick_guide.pdf,UNKNOWN,UNKNOWN,Datasheet,0.5005110763698973
C:\Users\ashu\Downloads\AdditionalDocuments\12m Open\Equipment Cut-Sheets\30 - Trim Tabs\series-s-operators-startup-checklist.pdf,UNKNOWN,UNKNOWN,Datasheet,0.4447207261042552
C:\Users\ashu\Downloads\AdditionalDocuments\12m Open\Equipment Cut-Sheets\300 - Underwater lights transom\SV55LED_GEN_II_Electroless.pdf,OK,Manual,Manual,0.7673294140268986
C:\Users\ashu\Downloads\AdditionalDocuments\12m Open\Equipment Cut-Sheets\305 - Underwater Lights - Hull\SV19US.pdf,OK,Manual,Manual,0.7959889097566996
C:\Users\ashu\Downloads\AdditionalDocuments\12m Open\Equipment Cut-Sheets\310 - LED Courtsey Lights - cockpit\Courtesy Light Cut-Sheet.pdf,UNKNOWN,UNKNOWN,Datasheet,0.5885510636356603
C:\Users\ashu\Downloads\AdditionalDocuments\12m Open\Equipment Cut-Sheets\315 - Bulwark Door Lights\detroit-20.pdf,UNKNOWN,UNKNOWN,Datasheet,0.44067191764070485
C:\Users\ashu\Downloads\AdditionalDocuments\12m Open\Equipment Cut-Sheets\320 - Searchlight - handheld\West Marine Spotlight.pdf,UNKNOWN,UNKNOWN,Certificate,0.4239400455859172
C:\Users\ashu\Downloads\AdditionalDocuments\12m Open\Equipment Cut-Sheets\325 - Seachlight - Fixed\23050A_TCHDAT_manual.pdf,OK,Manual,Manual,0.9371758304040624
C:\Users\ashu\Downloads\AdditionalDocuments\12m Open\Equipment Cut-Sheets\330 - Under Helm Light\F-28 Utility Light.PDF.pdf,UNKNOWN,UNKNOWN,Datasheet,0.44905198319758055
C:\Users\ashu\Downloads\AdditionalDocuments\12m Open\Equipment Cut-Sheets\335 - ER Lights\F-28 Utility Light.PDF.pdf,UNKNOWN,UNKNOWN,Datasheet,0.44905198319758055
C:\Users\ashu\Downloads\AdditionalDocuments\12m Open\Equipment Cut-Sheets\340 - Helm Display\GPSMAP_8-9xxx_OM_EN-US.pdf,OK,Manual,Manual,0.9904365875521833
C:\Users\ashu\Downloads\AdditionalDocuments\12m Open\Equipment Cut-Sheets\340 - Helm Display\gpsmap_84-8600_field_service.pdf,OK,Manual,Manual,0.9453265183283645
C:\Users\ashu\Downloads\AdditionalDocuments\12m Open\Equipment Cut-Sheets\340 - Helm Display\GPSMAP_8x10_8x12_8x16_Install_EN-US.pdf,OK,Manual,Manual,0.9488340649178891
C:\Users\ashu\Downloads\AdditionalDocuments\12m Open\Equipment Cut-Sheets\345 - Helm Display remote\GRID™_ 20 Installation Instructions.pdf,OK,Manual,Manual,0.8917388607170793
C:\Users\ashu\Downloads\AdditionalDocuments\12m Open\Equipment Cut-Sheets\35 - Steering Wheel\Edson Marine_ Stainless Steel ComfortGrip PowerWheel.pdf,UNKNOWN,UNKNOWN,Datasheet,0.39672494453473667
C:\Users\ashu\Downloads\AdditionalDocuments\12m Open\Equipment Cut-Sheets\350 - Transducer\Transducer dst800 cutsheet.pdf,UNKNOWN,UNKNOWN,Datasheet,0.3586660702167792
C:\Users\ashu\Downloads\AdditionalDocuments\12m Open\Equipment Cut-Sheets\350 - Transducer\Transducer dst800 manual.pdf,OK,Manual,Manual,0.8008328579644411
C:\Users\ashu\Downloads\AdditionalDocuments\12m Open\Equipment Cut-Sheets\355 - VHF\Important Safety and Product Information Important Safety and Product Information.pdf,UNKNOWN,UNKNOWN,Manual,0.6989502741246748
C:\Users\ashu\Downloads\AdditionalDocuments\12m Open\Equipment Cut-Sheets\355 - VHF\VHF 315 Series Installation Instructions.pdf,OK,Manual,Manual,0.9237772689813636
C:\Users\ashu\Downloads\AdditionalDocuments\12m Open\Equipment Cut-Sheets\355 - VHF\VHF 315 Series Owner’s Manual.pdf,OK,Manual,Manual,0.9347870970692327
C:\Users\ashu\Downloads\AdditionalDocuments\12m Open\Equipment Cut-Sheets\360 - VHF Command Mic\GHS™_ 11 Installation Instructions.pdf,UNKNOWN,UNKNOWN,Manual,0.5714953317614919
C:\Users\ashu\Downloads\AdditionalDocuments\12m Open\Equipment Cut-Sheets\365 - VHF Antenna\CLASSIC 5250-AIS.pdf,UNKNOWN,UNKNOWN,Datasheet,0.3946362952805227
C:\Users\ashu\Downloads\AdditionalDocuments\12m Open\Equipment Cut-Sheets\370 - Compass\Ritchie Install Template.pdf,UNKNOWN,UNKNOWN,Datasheet,0.5935852242028821
C:\Users\ashu\Downloads\AdditionalDocuments\12m Open\Equipment Cut-Sheets\370 - Compass\Ritchie Manual.pdf,UNKNOWN,UNKNOWN,Manual,0.4202910436814611
"C:\Users\ashu\Downloads\AdditionalDocuments\12m Open\Equipment Cut-Sheets\370 - Compass\SuperSport Helmsman (SS-1002, SS-1002W) - Ritchie Navigation.pdf",UNKNOWN,UNKNOWN,Manual,0.6067725288023401
C:\Users\ashu\Downloads\AdditionalDocuments\12m Open\Equipment Cut-Sheets\375 - AIS\AIS 800 Installation Instructions.pdf,OK,Manual,Manual,0.9559459550869405
C:\Users\ashu\Downloads\AdditionalDocuments\12m Open\Equipment Cut-Sheets\375 - AIS\Garmin AIS™ 800 Blackbox Transceiver _ Built-in GPS.pdf,UNKNOWN,UNKNOWN,Datasheet,0.4722255443265009
C:\Users\ashu\Downloads\AdditionalDocuments\12m Open\Equipment Cut-Sheets\375 - AIS\Tech_Ref_for_Garmin_NMEA2k_EN.pdf,OK,Manual,Manual,0.9581947903071759
C:\Users\ashu\Downloads\AdditionalDocuments\12m Open\Equipment Cut-Sheets\380 - Fusion Head Unit\Fusion_WB675_Install_EN-US.pdf,OK,Manual,Manual,0.948385328871517
C:\Users\ashu\Downloads\AdditionalDocuments\12m Open\Equipment Cut-Sheets\380 - Fusion Head Unit\Important safety and product info.pdf,UNKNOWN,UNKNOWN,Manual,0.7274166989486678
C:\Users\ashu\Downloads\AdditionalDocuments\12m Open\Equipment Cut-Sheets\380 - Fusion Head Unit\MS-WB675 Manual.pdf,OK,Manual,Manual,0.9888378643299183
C:\Users\ashu\Downloads\AdditionalDocuments\12m Open\Equipment Cut-Sheets\385 - Speakers 7.7 ''\M6_650X_770X_880X_LED_MAN.pdf,UNKNOWN,UNKNOWN,Drawing,0.3069439860987997
C:\Users\ashu\Downloads\AdditionalDocuments\12m Open\Equipment Cut-Sheets\390 - Subwoofer\M6_8IB_MAN.pdf,UNKNOWN,UNKNOWN,Drawing,0.2922093338621334
C:\Users\ashu\Downloads\AdditionalDocuments\12m Open\Equipment Cut-Sheets\395 - Amplifier\XDM800_8_MAN.pdf,UNKNOWN,UNKNOWN,Manual,0.5401492272204915
C:\Users\ashu\Downloads\AdditionalDocuments\12m Open\Equipment Cut-Sheets\400 - Amplifier - Subs\XDM600_1_MAN.pdf,UNKNOWN,UNKNOWN,Manual,0.5495338672602544
C:\Users\ashu\Downloads\AdditionalDocuments\12m Open\Equipment Cut-Sheets\405 - AM-FM Antenna\Jensen AN150SR AM_FM Antenna.pdf,OK,Manual,Manual,0.870234919332481
"C:\Users\ashu\Downloads\AdditionalDocuments\12m Open\Equipment Cut-Sheets\410 - USB & 3.5mm Audio Jack\MS-CBUSB3.5, Fusion, USB + 3.5mm.pdf",UNKNOWN,UNKNOWN,Manual,0.5090196215611982
C:\Users\ashu\Downloads\AdditionalDocuments\12m Open\Equipment Cut-Sheets\415 - Windshield\530-802 Windshield & Superstructure Windows.pdf,UNKNOWN,UNKNOWN,Drawing,0.6011498950053177
C:\Users\ashu\Downloads\AdditionalDocuments\12m Open\Equipment Cut-Sheets\420 - Cleats\Cleat installation manual.pdf,UNKNOWN,UNKNOWN,Datasheet,0.6168592845349637
C:\Users\ashu\Downloads\AdditionalDocuments\12m Open\Equipment Cut-Sheets\420 - Cleats\maintenance.pdf,UNKNOWN,UNKNOWN,Datasheet,0.6410533697031368
C:\Users\ashu\Downloads\AdditionalDocuments\12m Open\Equipment Cut-Sheets\420 - Cleats\pdf drawing.pdf,UNKNOWN,UNKNOWN,Datasheet,0.5022849605106867
C:\Users\ashu\Downloads\AdditionalDocuments\12m Open\Equipment Cut-Sheets\420 - Cleats\Seasmart cleat catelog.pdf,UNKNOWN,UNKNOWN,Datasheet,0.5829548316674759
C:\Users\ashu\Downloads\AdditionalDocuments\12m Open\Equipment Cut-Sheets\425 - Fender Cleats\fender cleat.pdf,UNKNOWN,UNKNOWN,Datasheet,0.46639000270407777
C:\Users\ashu\Downloads\AdditionalDocuments\12m Open\Equipment Cut-Sheets\425 - Fender Cleats\SL10_range.pdf,UNKNOWN,UNKNOWN,Datasheet,0.5687392913052833
C:\Users\ashu\Downloads\AdditionalDocuments\12m Open\Equipment Cut-Sheets\425 - Fender Cleats\smartlock_techsheet.pdf,UNKNOWN,UNKNOWN,Datasheet,0.5078007169153591
C:\Users\ashu\Downloads\AdditionalDocuments\12m Open\Equipment Cut-Sheets\430 - Ubolt tie down\Harken Pad Eye.pdf,UNKNOWN,UNKNOWN,Datasheet,0.5937074163153768
C:\Users\ashu\Downloads\AdditionalDocuments\12m Open\Equipment Cut-Sheets\435 - Lifting point Fittings\0444-034-230 Lifting Straps Rev A.pdf,UNKNOWN,UNKNOWN,Drawing,0.4786536225167866
C:\Users\ashu\Downloads\AdditionalDocuments\12m Open\Equipment Cut-Sheets\45 - Throttle Unit\Controls and Joysticks for Aquamatic Sterndrive.pdf,UNKNOWN,UNKNOWN,Datasheet,0.4550823090792177
C:\Users\ashu\Downloads\AdditionalDocuments\12m Open\Equipment Cut-Sheets\450 - Boarding Stanchions\0444-670-210 Handrail Layout Rev A.pdf,UNKNOWN,UNKNOWN,Drawing,0.6072729136134213
C:\Users\ashu\Downloads\AdditionalDocuments\12m Open\Equipment Cut-Sheets\455 - Boarding Sockets\0444-670-210 Handrail Layout Rev A.pdf,UNKNOWN,UNKNOWN,Drawing,0.6072729136134213
C:\Users\ashu\Downloads\AdditionalDocuments\12m Open\Equipment Cut-Sheets\46- Key Fob\Rfsolututions Key Fob.pdf,UNKNOWN,UNKNOWN,Manual,0.6816968712496407
C:\Users\ashu\Downloads\AdditionalDocuments\12m Open\Equipment Cut-Sheets\460 - Grab Rails\0444-670-210 Handrail Layout Rev A.pdf,UNKNOWN,UNKNOWN,Drawing,0.6072729136134213
C:\Users\ashu\Downloads\AdditionalDocuments\12m Open\Equipment Cut-Sheets\465 - Hoop Rails (Aft Deck)\0444-690-300 Stern Rails & Swim Ladder Rev A.pdf,UNKNOWN,UNKNOWN,Drawing,0.542663693257759
C:\Users\ashu\Downloads\AdditionalDocuments\12m Open\Equipment Cut-Sheets\470  - Swim Ladder Grab Rails\0444-690-300 Stern Rails & Swim Ladder Rev A.pdf,UNKNOWN,UNKNOWN,Drawing,0.542663693257759
C:\Users\ashu\Downloads\AdditionalDocuments\12m Open\Equipment Cut-Sheets\475 - Swim Ladder\0436-690-300 Stern Rails & Swim Ladder Rev A.pdf,UNKNOWN,UNKNOWN,Drawing,0.49814861598293275
C:\Users\ashu\Downloads\AdditionalDocuments\12m Open\Equipment Cut-Sheets\490 - Boat Hook\Boat Hook.pdf,UNKNOWN,UNKNOWN,Certificate,0.4206755527026995
C:\Users\ashu\Downloads\AdditionalDocuments\12m Open\Equipment Cut-Sheets\495 - Fire Extinguisher\commercial_marine_catalog.pdf,UNKNOWN,UNKNOWN,Manual,0.3742658585941507
C:\Users\ashu\Downloads\AdditionalDocuments\12m Open\Equipment Cut-Sheets\495 - Fire Extinguisher\SecStart.pdf,UNKNOWN,UNKNOWN,Manual,0.6692802979653665
C:\Users\ashu\Downloads\AdditionalDocuments\12m Open\Equipment Cut-Sheets\495 - Fire Extinguisher\User-Guide-Kidde-Dry-ChemicalF.pdf,UNKNOWN,UNKNOWN,Manual,0.5678776309384229
C:\Users\ashu\Downloads\AdditionalDocuments\12m Open\Equipment Cut-Sheets\5 - Engine\47711843.pdf,UNKNOWN,UNKNOWN,Manual,0.5320156519312742
C:\Users\ashu\Downloads\AdditionalDocuments\12m Open\Equipment Cut-Sheets\5 - Engine\D4 D6 Operators Manual 47712786.pdf,OK,Manual,Manual,0.9482713895211673
C:\Users\ashu\Downloads\AdditionalDocuments\12m Open\Equipment Cut-Sheets\5 - Engine\DPI Workshop Manual 47711666.pdf,OK,Manual,Manual,0.9367254224883189
C:\Users\ashu\Downloads\AdditionalDocuments\12m Open\Equipment Cut-Sheets\5 - Engine\EVC 2.0 Cal and setting 47712078.pdf,OK,Manual,Manual,0.9703734048630568
C:\Users\ashu\Downloads\AdditionalDocuments\12m Open\Equipment Cut-Sheets\5 - Engine\EVC 2.0 Install Manual 47713670.pdf,OK,Manual,Manual,0.952196999370728
C:\Users\ashu\Downloads\AdditionalDocuments\12m Open\Equipment Cut-Sheets\50 - Anchor\0443-180-100 Anchor Locker Panels Rev A .pdf,UNKNOWN,UNKNOWN,Drawing,0.5377572515169518
C:\Users\ashu\Downloads\AdditionalDocuments\12m Open\Equipment Cut-Sheets\500 - Reboarding Ladder\Ladder Series 2203.pdf,UNKNOWN,UNKNOWN,Datasheet,0.5517521092091906
C:\Users\ashu\Downloads\AdditionalDocuments\12m Open\Equipment Cut-Sheets\505 - Horn\k-460_brochure.pdf,UNKNOWN,UNKNOWN,Datasheet,0.3881227893222636
C:\Users\ashu\Downloads\AdditionalDocuments\12m Open\Equipment Cut-Sheets\55 - Anchor Launcher\0443-180-100 Anchor Locker Panels Rev A .pdf,UNKNOWN,UNKNOWN,Drawing,0.5377572515169518
C:\Users\ashu\Downloads\AdditionalDocuments\12m Open\Equipment Cut-Sheets\60 - Windlass\ProductDatasheet45.pdf,UNKNOWN,UNKNOWN,Datasheet,0.4168451813292923
C:\Users\ashu\Downloads\AdditionalDocuments\12m Open\Equipment Cut-Sheets\60 - Windlass\Windlass Manual.pdf,UNKNOWN,UNKNOWN,Manual,0.68360659694059
C:\Users\ashu\Downloads\AdditionalDocuments\12m Open\Equipment Cut-Sheets\65 - Windlass Remote\Manual-T2399 Lewmar Wireless Issue 1 WEB.pdf,UNKNOWN,UNKNOWN,Manual,0.6890976401396439
C:\Users\ashu\Downloads\AdditionalDocuments\12m Open\Equipment Cut-Sheets\70 - Anchor Chain\Suncor Stainless Chain - Cut-sheet.pdf,UNKNOWN,UNKNOWN,Datasheet,0.6058931700114291
C:\Users\ashu\Downloads\AdditionalDocuments\12m Open\Equipment Cut-Sheets\75 - White Nylon Braid\Yale Nylon Rope - cut-sheet.pdf,UNKNOWN,UNKNOWN,Datasheet,0.5337334703959836
C:\Users\ashu\Downloads\AdditionalDocuments\12m Open\Equipment Cut-Sheets\80 - Fuel Tank\Fuel Tank HDY-139.pdf,UNKNOWN,UNKNOWN,Drawing,0.5644808537509638
C:\Users\ashu\Downloads\AdditionalDocuments\12m Open\Equipment Cut-Sheets\85 - Fuel Filters - Main Engine\Fuel Filters 500 Series.pdf,UNKNOWN,UNKNOWN,Datasheet,0.5881361906123987
C:\Users\ashu\Downloads\AdditionalDocuments\12m Open\Equipment Cut-Sheets\85 - Fuel Filters - Main Engine\Fuel Filters 75500MAX10.pdf,UNKNOWN,UNKNOWN,Datasheet,0.4514564281629627
C:\Users\ashu\Downloads\AdditionalDocuments\12m Open\Equipment Cut-Sheets\90 - Fuel Level Indicator\Wema SSS-SSL Diesel fuel sensor.pdf,UNKNOWN,UNKNOWN,Datasheet,0.5260539302392925
C:\Users\ashu\Downloads\AdditionalDocuments\12m Open\Equipment Cut-Sheets\95 - Fuel Level indicator direct read\Swingarm Mechanical Sending Unit – 16 1_4″ Tank Depth - Moeller Marine.pdf,UNKNOWN,UNKNOWN,Datasheet,0.47526743335896543
C:\Users\ashu\Downloads\AdditionalDocuments\12m Limo\DRAWINGS\0443-034-200 12m Limo Tender Garage Fit Rev A.pdf,OK,Drawing,Drawing,0.79794872355038
C:\Users\ashu\Downloads\AdditionalDocuments\12m Limo\DRAWINGS\0443-034-220 Lifting Point Hatch Rev A.pdf,UNKNOWN,UNKNOWN,Drawing,0.5075530882570956
C:\Users\ashu\Downloads\AdditionalDocuments\12m Limo\DRAWINGS\0443-050-211 Reboarding Layout Rev A.pdf,UNKNOWN,UNKNOWN,Drawing,0.5208208245329992
C:\Users\ashu\Downloads\AdditionalDocuments\12m Limo\DRAWINGS\0443-110-510 Hull Bondouts Rev D.pdf,UNKNOWN,UNKNOWN,Drawing,0.5740840064831414
C:\Users\ashu\Downloads\AdditionalDocuments\12m Limo\DRAWINGS\0443-120-315 Structural Penetrations Rev B.pdf,UNKNOWN,UNKNOWN,Drawing,0.4440394114383049
C:\Users\ashu\Downloads\AdditionalDocuments\12m Limo\DRAWINGS\0443-130-310 Deck Additional Panels Rev A.pdf,UNKNOWN,UNKNOWN,Drawing,0.5661220322681546
C:\Users\ashu\Downloads\AdditionalDocuments\12m Limo\DRAWINGS\0443-140-301 Dashboard Laminate Rev A.pdf,UNKNOWN,UNKNOWN,Drawing,0.5195228359171836
C:\Users\ashu\Downloads\AdditionalDocuments\12m Limo\DRAWINGS\0443-140-305 Deck Bondouts Rev C.pdf,UNKNOWN,UNKNOWN,Drawing,0.5698912741178955
C:\Users\ashu\Downloads\AdditionalDocuments\12m Limo\DRAWINGS\0443-150-310 Hardtop Hatch & Liner Bondouts Rev B.pdf,UNKNOWN,UNKNOWN,Drawing,0.5711340313795698
C:\Users\ashu\Downloads\AdditionalDocuments\12m Limo\DRAWINGS\0443-150-321 Hardtop Bondouts Rev A.pdf,UNKNOWN,UNKNOWN,Drawing,0.5250493760630518
C:\Users\ashu\Downloads\AdditionalDocuments\12m Limo\DRAWINGS\0443-160-305 Fwd Bulkhead Laminate Rev A.pdf,UNKNOWN,UNKNOWN,Drawing,0.5358874430266399
C:\Users\ashu\Downloads\AdditionalDocuments\12m Limo\DRAWINGS\0443-160-306 Fwd Bhd Liner Panels Rev A.pdf,UNKNOWN,UNKNOWN,Drawing,0.5543144811477116
C:\Users\ashu\Downloads\AdditionalDocuments\12m Limo\DRAWINGS\0443-160-307 Aft Bulkhead Laminate Rev A.pdf,UNKNOWN,UNKNOWN,Drawing,0.5373568175540719
C:\Users\ashu\Downloads\AdditionalDocuments\12m Limo\DRAWINGS\0443-160-312 Engine Rm Hatch Laminate & Details Rev B.pdf,OK,Drawing,Drawing,0.7970178893091824
C:\Users\ashu\Downloads\AdditionalDocuments\12m Limo\DRAWINGS\0443-160-320 Exterior Sole Hatches Rev B.pdf,UNKNOWN,UNKNOWN,Drawing,0.5623315839789759
C:\Users\ashu\Downloads\AdditionalDocuments\12m Limo\DRAWINGS\0443-160-330 Fender Storage Rev C.pdf,UNKNOWN,UNKNOWN,Drawing,0.5419084532679149
C:\Users\ashu\Downloads\AdditionalDocuments\12m Limo\DRAWINGS\0443-160-335 Fwd Fender Stowage Rev A.pdf,UNKNOWN,UNKNOWN,Drawing,0.5833796452780566
C:\Users\ashu\Downloads\AdditionalDocuments\12m Limo\DRAWINGS\0443-180-100 Anchor Locker Panels Rev A .pdf,UNKNOWN,UNKNOWN,Drawing,0.5377572515169518
C:\Users\ashu\Downloads\AdditionalDocuments\12m Limo\DRAWINGS\0443-180-360 Generator Sliding Foundation.pdf,UNKNOWN,UNKNOWN,Drawing,0.5111022124001622
C:\Users\ashu\Downloads\AdditionalDocuments\12m Limo\DRAWINGS\0443-280-100 FUEL SYSTEM SCHEMATIC Rev B.pdf,UNKNOWN,UNKNOWN,Drawing,0.5076818277712977
C:\Users\ashu\Downloads\AdditionalDocuments\12m Limo\DRAWINGS\0443-320-200 AC DC ELECTRICAL SCHEMATIC WITH C-ZONE REV B-8 OF 8.pdf,UNKNOWN,UNKNOWN,Drawing,0.7302390941881718
C:\Users\ashu\Downloads\AdditionalDocuments\12m Limo\DRAWINGS\0443-320-200 AC DC ELECTRICAL SCHEMATIC WITH C-ZONE REV B-SHEET 1 OF 8.pdf,UNKNOWN,UNKNOWN,Drawing,0.4845124002904815
C:\Users\ashu\Downloads\AdditionalDocuments\12m Limo\DRAWINGS\0443-320-200 AC DC ELECTRICAL SCHEMATIC WITH C-ZONE REV B-SHEET 2 OF 8.pdf,UNKNOWN,UNKNOWN,Drawing,0.5090078928579942
C:\Users\ashu\Downloads\AdditionalDocuments\12m Limo\DRAWINGS\0443-320-200 AC DC ELECTRICAL SCHEMATIC WITH C-ZONE REV B-SHEET 3 OF 8.pdf,UNKNOWN,UNKNOWN,Drawing,0.6979209996563815
C:\Users\ashu\Downloads\AdditionalDocuments\12m Limo\DRAWINGS\0443-320-200 AC DC ELECTRICAL SCHEMATIC WITH C-ZONE REV B-SHEET 4 OF 8.pdf,UNKNOWN,UNKNOWN,Drawing,0.46550683049756414
C:\Users\ashu\Downloads\AdditionalDocuments\12m Limo\DRAWINGS\0443-320-200 AC DC ELECTRICAL SCHEMATIC WITH C-ZONE REV B-SHEET 5 OF 8.pdf,UNKNOWN,UNKNOWN,Drawing,0.6350955275687855
C:\Users\ashu\Downloads\AdditionalDocuments\12m Limo\DRAWINGS\0443-320-200 AC DC ELECTRICAL SCHEMATIC WITH C-ZONE REV B-SHEET 6 OF 8.pdf,UNKNOWN,UNKNOWN,Drawing,0.43554311684253866
C:\Users\ashu\Downloads\AdditionalDocuments\12m Limo\DRAWINGS\0443-320-200 AC DC ELECTRICAL SCHEMATIC WITH C-ZONE REV B-SHEET 7 OF 8.pdf,UNKNOWN,UNKNOWN,Drawing,0.7029872102363325
C:\Users\ashu\Downloads\AdditionalDocuments\12m Limo\DRAWINGS\0443-320-220 HVAC ELECTRICAL SCHEMATIC REV B-SHEET 2.pdf,UNKNOWN,UNKNOWN,Drawing,0.6879169089720112
C:\Users\ashu\Downloads\AdditionalDocuments\12m Limo\DRAWINGS\0443-320-220 HVAC ELECTRICAL SCHEMATIC REV B-SHEET 3.pdf,UNKNOWN,UNKNOWN,Drawing,0.686433553119209
C:\Users\ashu\Downloads\AdditionalDocuments\12m Limo\DRAWINGS\0443-320-230 ENG RM SHUTDOWN SYSTEM ELECTRICAL SCHEMATIC REV A-SHEET 1.pdf,UNKNOWN,UNKNOWN,Drawing,0.4023499841584337
C:\Users\ashu\Downloads\AdditionalDocuments\12m Limo\DRAWINGS\0443-320-250  PUMPS ELECTRICAL SCHEMATIC REV B-SHEET 1 OF 2.pdf,UNKNOWN,UNKNOWN,Drawing,0.4583285107949528
C:\Users\ashu\Downloads\AdditionalDocuments\12m Limo\DRAWINGS\0443-320-250  PUMPS ELECTRICAL SCHEMATIC REV B-SHEET 2 OF 2.pdf,UNKNOWN,UNKNOWN,Drawing,0.44269466006317054
C:\Users\ashu\Downloads\AdditionalDocuments\12m Limo\DRAWINGS\0443-320-285 CABIN SLIDING DOOR ELECTRICAL SCHEMATIC REV B-SHEET 1.pdf,UNKNOWN,UNKNOWN,Datasheet,0.6443437428881202
C:\Users\ashu\Downloads\AdditionalDocuments\12m Limo\DRAWINGS\0443-330-100 Lighting Layout Rev C.pdf,UNKNOWN,UNKNOWN,Drawing,0.6923511094375505
C:\Users\ashu\Downloads\AdditionalDocuments\12m Limo\DRAWINGS\0443-340-200 ELECTRONICS SCHEMATIC REV B-SHEET  2.pdf,UNKNOWN,UNKNOWN,Drawing,0.43593110536428786
C:\Users\ashu\Downloads\AdditionalDocuments\12m Limo\DRAWINGS\0443-340-200 ELECTRONICS SCHEMATIC REV B-SHEET 1.pdf,UNKNOWN,UNKNOWN,Drawing,0.5273497519696805
C:\Users\ashu\Downloads\AdditionalDocuments\12m Limo\DRAWINGS\0443-340-200 Helm Layout Rev A.pdf,UNKNOWN,UNKNOWN,Drawing,0.535120203449698
C:\Users\ashu\Downloads\AdditionalDocuments\12m Limo\DRAWINGS\0443-510-100 HVAC System Schematic REV A.pdf,UNKNOWN,UNKNOWN,Drawing,0.4740231011673336
C:\Users\ashu\Downloads\AdditionalDocuments\12m Limo\DRAWINGS\0443-510-310 HVAC Cutouts Rev A.pdf,UNKNOWN,UNKNOWN,Drawing,0.5258921247548506
C:\Users\ashu\Downloads\AdditionalDocuments\12m Limo\DRAWINGS\0443-520-100 Bilge System Schematic Rev A.pdf,UNKNOWN,UNKNOWN,Drawing,0.6801573148347484
C:\Users\ashu\Downloads\AdditionalDocuments\12m Limo\DRAWINGS\0443-530-110 Fuel Tank Rev A.pdf,UNKNOWN,UNKNOWN,Drawing,0.7223890268450504
C:\Users\ashu\Downloads\AdditionalDocuments\12m Limo\DRAWINGS\0443-540-100 Fresh Water Schematic Rev B.pdf,UNKNOWN,UNKNOWN,Drawing,0.5881260182636442
C:\Users\ashu\Downloads\AdditionalDocuments\12m Limo\DRAWINGS\0443-570-300 Hardtop Lift Hardware Rev A.pdf,UNKNOWN,UNKNOWN,Drawing,0.5023298443727631
C:\Users\ashu\Downloads\AdditionalDocuments\12m Limo\DRAWINGS\0443-580-210 Anchor Layout & Details Rev A.pdf,UNKNOWN,UNKNOWN,Drawing,0.5507424728444357
C:\Users\ashu\Downloads\AdditionalDocuments\12m Limo\DRAWINGS\0443-620-315 Interior Upholstery and Armrests Rev A.pdf,UNKNOWN,UNKNOWN,Drawing,0.5248014326932605
C:\Users\ashu\Downloads\AdditionalDocuments\12m Limo\DRAWINGS\0443-620-340 Flag pole and socket Rev A .pdf,UNKNOWN,UNKNOWN,Drawing,0.5437757467976129
C:\Users\ashu\Downloads\AdditionalDocuments\12m Limo\DRAWINGS\0443-640-200 Deck Covering rev B.pdf,UNKNOWN,UNKNOWN,Drawing,0.5460213417946469
C:\Users\ashu\Downloads\AdditionalDocuments\12m Limo\DRAWINGS\0443-640-210 Paint Layout Rev A.pdf,UNKNOWN,UNKNOWN,Drawing,0.43573915636464344
C:\Users\ashu\Downloads\AdditionalDocuments\12m Limo\DRAWINGS\0443-650-200 Fwd Door Installation Rev D.pdf,UNKNOWN,UNKNOWN,Drawing,0.6005926545383582
C:\Users\ashu\Downloads\AdditionalDocuments\12m Limo\DRAWINGS\0443-650-315 Luggage Locker Door Rev A.pdf,UNKNOWN,UNKNOWN,Drawing,0.5553582103601956
C:\Users\ashu\Downloads\AdditionalDocuments\12m Limo\DRAWINGS\0443-650-320 Aft Cabin Door Rev A.pdf,UNKNOWN,UNKNOWN,Drawing,0.5952259846315993
C:\Users\ashu\Downloads\AdditionalDocuments\12m Limo\DRAWINGS\0443-650-330 Fwd Door Structure Rev A.pdf,UNKNOWN,UNKNOWN,Drawing,0.5252840112443617
C:\Users\ashu\Downloads\AdditionalDocuments\12m Limo\DRAWINGS\0443-650-335 Fwd Door Frame Rev B.pdf,UNKNOWN,UNKNOWN,Drawing,0.5494311986652695
C:\Users\ashu\Downloads\AdditionalDocuments\12m Limo\DRAWINGS\0443-650-350 Hull Side Doors Rev C.pdf,UNKNOWN,UNKNOWN,Drawing,0.46466141325237137
C:\Users\ashu\Downloads\AdditionalDocuments\12m Limo\DRAWINGS\0443-660-210 Aft Seating Rev B.pdf,UNKNOWN,UNKNOWN,Drawing,0.5273848971883793
C:\Users\ashu\Downloads\AdditionalDocuments\12m Limo\DRAWINGS\0443-670-200 Deck Hardware Layout REV B.pdf,UNKNOWN,UNKNOWN,Drawing,0.529745880857335
C:\Users\ashu\Downloads\AdditionalDocuments\12m Limo\DRAWINGS\0443-670-210 Handrail Layout Rev C.pdf,UNKNOWN,UNKNOWN,Drawing,0.5752743197463717
C:\Users\ashu\Downloads\AdditionalDocuments\12m Limo\DRAWINGS\0443-670-210 Handrail Layout Rev D.pdf,UNKNOWN,UNKNOWN,Drawing,0.5729409864130384
C:\Users\ashu\Downloads\AdditionalDocuments\12m Limo\DRAWINGS\0443-670-300 Spotlight Mounting Plate Rev B.pdf,UNKNOWN,UNKNOWN,Drawing,0.5160283333849415
C:\Users\ashu\Downloads\AdditionalDocuments\12m Limo\DRAWINGS\0443-670-310 Interior Stairs Rev B.pdf,OK,Drawing,Drawing,0.7912359032080585
C:\Users\ashu\Downloads\AdditionalDocuments\12m Limo\DRAWINGS\0443-670-320 Bollard & Burgee Staff Rev A.pdf,UNKNOWN,UNKNOWN,Drawing,0.5035379329194752
C:\Users\ashu\Downloads\AdditionalDocuments\12m Limo\DRAWINGS\0443-670-330 Glovebox Rev A.pdf,UNKNOWN,UNKNOWN,Drawing,0.4408808824182268
C:\Users\ashu\Downloads\AdditionalDocuments\12m Limo\DRAWINGS\0443-700-301 Shipping Cradle Rev A.pdf,UNKNOWN,UNKNOWN,Drawing,0.5438678884458971
C:\Users\ashu\Downloads\AdditionalDocuments\12m Limo\DRAWINGS\529-001 General Arrangement compressed file.pdf,UNKNOWN,UNKNOWN,Drawing,0.4459849689967714
C:\Users\ashu\Downloads\AdditionalDocuments\12m Limo\DRAWINGS\529-1102 Helm Visibility.pdf,UNKNOWN,UNKNOWN,Drawing,0.4795483299036621
C:\Users\ashu\Downloads\AdditionalDocuments\12m Limo\DRAWINGS\529-201 RevA Hull Lamination.pdf,UNKNOWN,UNKNOWN,Drawing,0.639770050545634
C:\Users\ashu\Downloads\AdditionalDocuments\12m Limo\DRAWINGS\529-202 RevC Structural Grid & Transverse Frames.pdf,UNKNOWN,UNKNOWN,Drawing,0.6782273987559124
C:\Users\ashu\Downloads\AdditionalDocuments\12m Limo\DRAWINGS\529-203 Interior Soles.pdf,UNKNOWN,UNKNOWN,Drawing,0.6497650673182369
C:\Users\ashu\Downloads\AdditionalDocuments\12m Limo\DRAWINGS\529-301 Deck Lamination.pdf,UNKNOWN,UNKNOWN,Drawing,0.45012237834796115
C:\Users\ashu\Downloads\AdditionalDocuments\12m Limo\DRAWINGS\529-302-01 Deck Structure.pdf,UNKNOWN,UNKNOWN,Drawing,0.6203812955133864
C:\Users\ashu\Downloads\AdditionalDocuments\12m Limo\DRAWINGS\529-303-01 Cabin Top Lamination.pdf,UNKNOWN,UNKNOWN,Drawing,0.49701257281206873
C:\Users\ashu\Downloads\AdditionalDocuments\12m Limo\DRAWINGS\529-401 Major Machinery Layout.pdf,UNKNOWN,UNKNOWN,Drawing,0.590759679323692
C:\Users\ashu\Downloads\AdditionalDocuments\12m Limo\DRAWINGS\529-402 Engine Installation.pdf,UNKNOWN,UNKNOWN,Drawing,0.6556979602483375
C:\Users\ashu\Downloads\AdditionalDocuments\12m Limo\DRAWINGS\529-403 Bow Thruster & Interceptor Layout.pdf,UNKNOWN,UNKNOWN,Drawing,0.6672523915170907
C:\Users\ashu\Downloads\AdditionalDocuments\12m Limo\DRAWINGS\529-805 Anchoring System Layout.pdf,UNKNOWN,UNKNOWN,Drawing,0.5996311284467063
C:\Users\ashu\Downloads\AdditionalDocuments\12m Limo\DRAWINGS\529-901 Engine Room Intake & Exhaust Air.pdf,UNKNOWN,UNKNOWN,Drawing,0.6395149337492988
C:\Users\ashu\Downloads\AdditionalDocuments\12m Limo\Equipment Cut-Sheets\10 - Stern Drive\D4-320 cutsheet.pdf,UNKNOWN,UNKNOWN,Manual,0.3991128530625477
C:\Users\ashu\Downloads\AdditionalDocuments\12m Limo\Equipment Cut-Sheets\100 - Fuel Deck Fill\Deck-fillers_datasheet.pdf,UNKNOWN,UNKNOWN,Datasheet,0.5993443491949573
C:\Users\ashu\Downloads\AdditionalDocuments\12m Limo\Equipment Cut-Sheets\105 - Vent Fitting\Attwood Flush Fuel Vent Install.pdf,UNKNOWN,UNKNOWN,Manual,0.555964718081391
C:\Users\ashu\Downloads\AdditionalDocuments\12m Limo\Equipment Cut-Sheets\105 - Vent Fitting\Tank Vent cut-sheet.pdf,UNKNOWN,UNKNOWN,Datasheet,0.4514706729264345
C:\Users\ashu\Downloads\AdditionalDocuments\12m Limo\Equipment Cut-Sheets\105 - Vent Fitting\Tank Vent.pdf,UNKNOWN,UNKNOWN,Manual,0.5358828894169436
C:\Users\ashu\Downloads\AdditionalDocuments\12m Limo\Equipment Cut-Sheets\110 - Electric Bilge Pump\RUL-PMP-MANUAL.pdf,UNKNOWN,UNKNOWN,Datasheet,0.4377469557874724
C:\Users\ashu\Downloads\AdditionalDocuments\12m Limo\Equipment Cut-Sheets\110 - Electric Bilge Pump\Rule Bilge Pump.pdf,UNKNOWN,UNKNOWN,Certificate,0.36379114982653815
C:\Users\ashu\Downloads\AdditionalDocuments\12m Limo\Equipment Cut-Sheets\115 - Manual Bilge Pump\MBP_Urchin_MANUAL.pdf,UNKNOWN,UNKNOWN,Manual,0.38358090707566395
C:\Users\ashu\Downloads\AdditionalDocuments\12m Limo\Equipment Cut-Sheets\115 - Manual Bilge Pump\Whale Gusher Urchin Datasheet.pdf,UNKNOWN,UNKNOWN,Manual,0.6953986971411177
C:\Users\ashu\Downloads\AdditionalDocuments\12m Limo\Equipment Cut-Sheets\120 - Side Strainer\Whale Side Strainer.pdf,UNKNOWN,UNKNOWN,Datasheet,0.31710050475938356
C:\Users\ashu\Downloads\AdditionalDocuments\12m Limo\Equipment Cut-Sheets\125 - Bilge Pump Switch high water alarm\Ultra Pump Switches.pdf,UNKNOWN,UNKNOWN,Manual,0.37265122255426464
C:\Users\ashu\Downloads\AdditionalDocuments\12m Limo\Equipment Cut-Sheets\125 - Bilge Pump Switch high water alarm\Ultra Safety Systems UPS-01-12V.pdf,UNKNOWN,UNKNOWN,Datasheet,0.4016280213050773
C:\Users\ashu\Downloads\AdditionalDocuments\12m Limo\Equipment Cut-Sheets\130 - Sump Box Pump\Rule Pump cut-sheet.pdf,UNKNOWN,UNKNOWN,Datasheet,0.3735605285906061
C:\Users\ashu\Downloads\AdditionalDocuments\12m Limo\Equipment Cut-Sheets\130 - Sump Box Pump\Rule Pump maual.pdf,UNKNOWN,UNKNOWN,Manual,0.5690092826087889
C:\Users\ashu\Downloads\AdditionalDocuments\12m Limo\Equipment Cut-Sheets\135- Sump Box Pump Switch\ULTRA Bilge Pumpswitch™.pdf,UNKNOWN,UNKNOWN,Certificate,0.35362283937180733
C:\Users\ashu\Downloads\AdditionalDocuments\12m Limo\Equipment Cut-Sheets\140 - Fresh Water Tank\0443-530-110 Fuel Tank Rev A.pdf,UNKNOWN,UNKNOWN,Drawing,0.7223890268450504
C:\Users\ashu\Downloads\AdditionalDocuments\12m Limo\Equipment Cut-Sheets\145 - Fresh Water Pump\Vetus WP1213B  Manual.pdf,UNKNOWN,UNKNOWN,Manual,0.3345340499554668
C:\Users\ashu\Downloads\AdditionalDocuments\12m Limo\Equipment Cut-Sheets\15 - Propeller\D4-320 cutsheet.pdf,UNKNOWN,UNKNOWN,Manual,0.3991128530625477
C:\Users\ashu\Downloads\AdditionalDocuments\12m Limo\Equipment Cut-Sheets\150 - Fresh Water Tank Sender\Vetus Sensor 38-0.pdf,UNKNOWN,UNKNOWN,Datasheet,0.41275505779943805
C:\Users\ashu\Downloads\AdditionalDocuments\12m Limo\Equipment Cut-Sheets\155 - Fresh Water Fill\DECK FILLERS DATASHEET.pdf,UNKNOWN,UNKNOWN,Datasheet,0.4597975675325594
C:\Users\ashu\Downloads\AdditionalDocuments\12m Limo\Equipment Cut-Sheets\155 - Fresh Water Fill\DF40X.dft.pdf,UNKNOWN,UNKNOWN,Drawing,0.4126623274452216
C:\Users\ashu\Downloads\AdditionalDocuments\12m Limo\Equipment Cut-Sheets\155 - Fresh Water Fill\installation instruction deck fill.pdf,UNKNOWN,UNKNOWN,Datasheet,0.4429412242369811
C:\Users\ashu\Downloads\AdditionalDocuments\12m Limo\Equipment Cut-Sheets\155 - Fresh Water Fill\manuntenzione_deck_filler.pdf,UNKNOWN,UNKNOWN,Datasheet,0.4384437621012742
C:\Users\ashu\Downloads\AdditionalDocuments\12m Limo\Equipment Cut-Sheets\160 - Fresh Water Tank Vent\Tank Vent cut-sheet.pdf,UNKNOWN,UNKNOWN,Datasheet,0.4514706729264345
C:\Users\ashu\Downloads\AdditionalDocuments\12m Limo\Equipment Cut-Sheets\160 - Fresh Water Tank Vent\Tank Vent.pdf,UNKNOWN,UNKNOWN,Manual,0.5358828894169436
C:\Users\ashu\Downloads\AdditionalDocuments\12m Limo\Equipment Cut-Sheets\165 - Washdown Quick Connect\Jabsco 31911-0000.pdf,UNKNOWN,UNKNOWN,Certificate,0.3928540956669375
C:\Users\ashu\Downloads\AdditionalDocuments\12m Limo\Equipment Cut-Sheets\175 - Dometric AC\Dometic Voyager TX18 cutsheet.pdf,UNKNOWN,UNKNOWN,Datasheet,0.5547877543649616
C:\Users\ashu\Downloads\AdditionalDocuments\12m Limo\Equipment Cut-Sheets\175 - Dometric AC\dometic-manual.pdf,UNKNOWN,UNKNOWN,Manual,0.5570260688507357
C:\Users\ashu\Downloads\AdditionalDocuments\12m Limo\Equipment Cut-Sheets\180 - Seawater Pump\Shurflio Seawater pump.pdf,UNKNOWN,UNKNOWN,Datasheet,0.4258307696063111
C:\Users\ashu\Downloads\AdditionalDocuments\12m Limo\Equipment Cut-Sheets\185- Seawater strainer\arg_series_rawwater.pdf,UNKNOWN,UNKNOWN,Manual,0.36340934937374436
"C:\Users\ashu\Downloads\AdditionalDocuments\12m Limo\Equipment Cut-Sheets\190- Pump Relay Panel\Pump Relay Panels 2-PRP, 2-6PRP.pdf",UNKNOWN,UNKNOWN,Datasheet,0.47180893229055565
C:\Users\ashu\Downloads\AdditionalDocuments\12m Limo\Equipment Cut-Sheets\20 - Bow Thruster\BOW PRO Series User Manual.pdf,UNKNOWN,UNKNOWN,Manual,0.6452392690470744
C:\Users\ashu\Downloads\AdditionalDocuments\12m Limo\Equipment Cut-Sheets\20 - Bow Thruster\BOWA0761.pdf,UNKNOWN,UNKNOWN,Manual,0.7214542461253951
C:\Users\ashu\Downloads\AdditionalDocuments\12m Limo\Equipment Cut-Sheets\20 - Bow Thruster\Maintenance and Warranty Manual.pdf,UNKNOWN,UNKNOWN,Manual,0.6266232395377623
C:\Users\ashu\Downloads\AdditionalDocuments\12m Limo\Equipment Cut-Sheets\200 - Condesnsate Remove Kit\condensate remover kit manual.pdf,UNKNOWN,UNKNOWN,Manual,0.6856087469129306
C:\Users\ashu\Downloads\AdditionalDocuments\12m Limo\Equipment Cut-Sheets\200 - Condesnsate Remove Kit\dometic_ac_specs14.pdf,UNKNOWN,UNKNOWN,Datasheet,0.39005138820097507
C:\Users\ashu\Downloads\AdditionalDocuments\12m Limo\Equipment Cut-Sheets\205 - Roof Lift Actuators (Cylinders)\linear-actuator-la36-data-sheet-eng.pdf,OK,Manual,Manual,0.9511890927498527
C:\Users\ashu\Downloads\AdditionalDocuments\12m Limo\Equipment Cut-Sheets\220 - Forward Door Motor\MP36-DataSheet-US.pdf,UNKNOWN,UNKNOWN,Datasheet,0.4215648791406085
C:\Users\ashu\Downloads\AdditionalDocuments\12m Limo\Equipment Cut-Sheets\225 - Moisture Eliminators - Demisters\MoistureEliminatorsRectangularSpecSheet2017.pdf,UNKNOWN,UNKNOWN,Datasheet,0.6994365146939943
C:\Users\ashu\Downloads\AdditionalDocuments\12m Limo\Equipment Cut-Sheets\230 - Exhaust Fan\F-09-12 and 24 SPECS.pdf,UNKNOWN,UNKNOWN,Certificate,0.41515612033857896
C:\Users\ashu\Downloads\AdditionalDocuments\12m Limo\Equipment Cut-Sheets\235 - ER Automatic Fire System\Installation-Manual.pdf,OK,Manual,Manual,0.8973171744576358
C:\Users\ashu\Downloads\AdditionalDocuments\12m Limo\Equipment Cut-Sheets\235 - ER Automatic Fire System\NOVEC PRE-ENGINEERED CE CERTIFICATE.pdf,OK,Certificate,Certificate,0.7545506107186953
C:\Users\ashu\Downloads\AdditionalDocuments\12m Limo\Equipment Cut-Sheets\235 - ER Automatic Fire System\SEA FIRE DATA SHEET.pdf,UNKNOWN,UNKNOWN,Datasheet,0.42163520753218825
C:\Users\ashu\Downloads\AdditionalDocuments\12m Limo\Equipment Cut-Sheets\235 - ER Automatic Fire System\Sea-Fire NFD-NFG Manual.pdf,UNKNOWN,UNKNOWN,Manual,0.6967135593760919
C:\Users\ashu\Downloads\AdditionalDocuments\12m Limo\Equipment Cut-Sheets\240 - Engine Shut Down Panel\131-440 datasheet v1.0.pdf,UNKNOWN,UNKNOWN,Datasheet,0.5226815182529332
C:\Users\ashu\Downloads\AdditionalDocuments\12m Limo\Equipment Cut-Sheets\240 - Engine Shut Down Panel\Sea-Fire Support.pdf,UNKNOWN,UNKNOWN,Datasheet,0.37218892344902677
C:\Users\ashu\Downloads\AdditionalDocuments\12m Limo\Equipment Cut-Sheets\245 - Fire Suppression System Monitor & Engine shutdown control\131-467 Installation Instructions.pdf,UNKNOWN,UNKNOWN,Datasheet,0.3250776087593285
C:\Users\ashu\Downloads\AdditionalDocuments\12m Limo\Equipment Cut-Sheets\245 - Fire Suppression System Monitor & Engine shutdown control\Sea-Fire Support.pdf,UNKNOWN,UNKNOWN,Datasheet,0.46911374628799785
C:\Users\ashu\Downloads\AdditionalDocuments\12m Limo\Equipment Cut-Sheets\25 - Bow Thruster Joystick\BOWA joystick configuration.pdf,OK,Manual,Manual,0.8100152930365965
C:\Users\ashu\Downloads\AdditionalDocuments\12m Limo\Equipment Cut-Sheets\250 - AC Panel\360 Panel cut-sheet.pdf,UNKNOWN,UNKNOWN,Certificate,0.40881857965958274
C:\Users\ashu\Downloads\AdditionalDocuments\12m Limo\Equipment Cut-Sheets\250 - AC Panel\http___panelwizard.bluesea.pdf,UNKNOWN,UNKNOWN,Datasheet,0.38866851725310697
C:\Users\ashu\Downloads\AdditionalDocuments\12m Limo\Equipment Cut-Sheets\255 - Galvanic Isolator Fail Safe\Guest Galvanic Isolator.pdf,UNKNOWN,UNKNOWN,Datasheet,0.3727239714775134
C:\Users\ashu\Downloads\AdditionalDocuments\12m Limo\Equipment Cut-Sheets\260 - Guest Dynaplate\guest-dynaplate.pdf,UNKNOWN,UNKNOWN,Certificate,0.36292843905343003
C:\Users\ashu\Downloads\AdditionalDocuments\12m Limo\Equipment Cut-Sheets\265 - Shore Powre Inlet\MP32-10 manual.pdf,UNKNOWN,UNKNOWN,Datasheet,0.4124999656384739
C:\Users\ashu\Downloads\AdditionalDocuments\12m Limo\Equipment Cut-Sheets\265 - Shore Powre Inlet\MP32-10 shore power inlet.pdf,UNKNOWN,UNKNOWN,Datasheet,0.4925656580266046
C:\Users\ashu\Downloads\AdditionalDocuments\12m Limo\Equipment Cut-Sheets\265 - Shore Powre Inlet\MP32-10 statement of conformity.pdf,UNKNOWN,UNKNOWN,Certificate,0.48349368865156334
C:\Users\ashu\Downloads\AdditionalDocuments\12m Limo\Equipment Cut-Sheets\270 - Shore Power Cord\Shore Power Cord 2838 32A.pdf,UNKNOWN,UNKNOWN,Datasheet,0.5485869415283905
C:\Users\ashu\Downloads\AdditionalDocuments\12m Limo\Equipment Cut-Sheets\271 - Inverter\Marinco_additional_Info.pdf,UNKNOWN,UNKNOWN,Manual,0.7423516671266512
C:\Users\ashu\Downloads\AdditionalDocuments\12m Limo\Equipment Cut-Sheets\271 - Inverter\Marinco_Inverter_Manual.pdf,OK,Manual,Manual,0.9460987677410073
C:\Users\ashu\Downloads\AdditionalDocuments\12m Limo\Equipment Cut-Sheets\275 - Battery - Service Bank\batteries Brochure.pdf,UNKNOWN,UNKNOWN,Manual,0.5022690756596022
C:\Users\ashu\Downloads\AdditionalDocuments\12m Limo\Equipment Cut-Sheets\275 - Battery - Service Bank\Mastervolt AGM Battery Users Manual.pdf,UNKNOWN,UNKNOWN,Certificate,0.3175573028257138
C:\Users\ashu\Downloads\AdditionalDocuments\12m Limo\Equipment Cut-Sheets\275 - Battery - Service Bank\MSDS.pdf,UNKNOWN,UNKNOWN,Certificate,0.557152944842038
C:\Users\ashu\Downloads\AdditionalDocuments\12m Limo\Equipment Cut-Sheets\280 - Battery - Thruster\batteries Brochure.pdf,UNKNOWN,UNKNOWN,Manual,0.5022690756596022
C:\Users\ashu\Downloads\AdditionalDocuments\12m Limo\Equipment Cut-Sheets\280 - Battery - Thruster\Mastervolt AGM Battery Users Manual.pdf,UNKNOWN,UNKNOWN,Certificate,0.3175573028257138
C:\Users\ashu\Downloads\AdditionalDocuments\12m Limo\Equipment Cut-Sheets\280 - Battery - Thruster\MSDS.pdf,UNKNOWN,UNKNOWN,Certificate,0.557152944842038
C:\Users\ashu\Downloads\AdditionalDocuments\12m Limo\Equipment Cut-Sheets\285 - Battery - Engine Start\NSB-AGM 24M cutsheet.pdf,UNKNOWN,UNKNOWN,Datasheet,0.6518185580284718
C:\Users\ashu\Downloads\AdditionalDocuments\12m Limo\Equipment Cut-Sheets\290 - Battery Charger\Datasheet-Centaur-Charger-EN.pdf,UNKNOWN,UNKNOWN,Datasheet,0.42098358970917055
C:\Users\ashu\Downloads\AdditionalDocuments\12m Limo\Equipment Cut-Sheets\290 - Battery Charger\Manual-Centaur-charger-EN-NL-FR-DE-IT.pdf,OK,Manual,Manual,0.7860867286256417
C:\Users\ashu\Downloads\AdditionalDocuments\12m Limo\Equipment Cut-Sheets\295 - Inverter 230VAC\Datasheet-Quattro-3kVA-15kVA-EN.pdf,OK,Manual,Manual,0.763951587444478
C:\Users\ashu\Downloads\AdditionalDocuments\12m Limo\Equipment Cut-Sheets\30 - Trim Tabs\1010130-zipwake product_specification.pdf,OK,Manual,Manual,0.9452985163420936
C:\Users\ashu\Downloads\AdditionalDocuments\12m Limo\Equipment Cut-Sheets\30 - Trim Tabs\1010134-outline_of_operating_principles.pdf,UNKNOWN,UNKNOWN,Manual,0.7320782000391713
C:\Users\ashu\Downloads\AdditionalDocuments\12m Limo\Equipment Cut-Sheets\30 - Trim Tabs\2011297-zipwake_series_s_installation_guide.pdf,OK,Manual,Manual,0.8793230700339774
C:\Users\ashu\Downloads\AdditionalDocuments\12m Limo\Equipment Cut-Sheets\30 - Trim Tabs\2011298-zipwake_series_s_operators_manual.pdf,OK,Manual,Manual,0.9876983104645306
C:\Users\ashu\Downloads\AdditionalDocuments\12m Limo\Equipment Cut-Sheets\30 - Trim Tabs\2011302-zipwake_series_s_operators_quick_guide.pdf,UNKNOWN,UNKNOWN,Datasheet,0.5005110763698973
C:\Users\ashu\Downloads\AdditionalDocuments\12m Limo\Equipment Cut-Sheets\30 - Trim Tabs\series-s-operators-startup-checklist.pdf,UNKNOWN,UNKNOWN,Datasheet,0.4447207261042552
C:\Users\ashu\Downloads\AdditionalDocuments\12m Limo\Equipment Cut-Sheets\300 - Inverter 120VAC\ProMariner - Inverter 120VAC 1000W.pdf,UNKNOWN,UNKNOWN,Manual,0.7423516671266512
C:\Users\ashu\Downloads\AdditionalDocuments\12m Limo\Equipment Cut-Sheets\305 - Remote Battery Switch\Blue Sea remote battery switch specs.pdf,UNKNOWN,UNKNOWN,Manual,0.6334404861561854
C:\Users\ashu\Downloads\AdditionalDocuments\12m Limo\Equipment Cut-Sheets\305 - Remote Battery Switch\Blue Sea remote battery switch.pdf,OK,Manual,Manual,0.7987726810546121
C:\Users\ashu\Downloads\AdditionalDocuments\12m Limo\Equipment Cut-Sheets\305 - Remote Battery Switch\ML-RBS Remote Battery Switch with Manual Control Auto-Release - 12V - Blue Sea Systems.pdf,UNKNOWN,UNKNOWN,Manual,0.6052587064207782
C:\Users\ashu\Downloads\AdditionalDocuments\12m Limo\Equipment Cut-Sheets\315 - USB Outlet\SC-MULTI-F2 USB-A _ USB-C & 12V Power Socket.pdf,UNKNOWN,UNKNOWN,Drawing,0.31721446141738147
C:\Users\ashu\Downloads\AdditionalDocuments\12m Limo\Equipment Cut-Sheets\320 - C-Zone COI\CZoneCOIManualv1.2.pdf,OK,Manual,Manual,0.9672569633531706
C:\Users\ashu\Downloads\AdditionalDocuments\12m Limo\Equipment Cut-Sheets\320 - C-Zone COI\DATASHEET_CZone_COI_1FEB17.pdf,UNKNOWN,UNKNOWN,Manual,0.6515422548898606
C:\Users\ashu\Downloads\AdditionalDocuments\12m Limo\Equipment Cut-Sheets\320 - C-Zone COI\DATASHEET_CZone_COI_DSB_Layout_1FEB17.pdf,UNKNOWN,UNKNOWN,Datasheet,0.5297395766967353
C:\Users\ashu\Downloads\AdditionalDocuments\12m Limo\Equipment Cut-Sheets\325 - CZone digital switch breakout\Digital Switch breakout cut-sheet.pdf,UNKNOWN,UNKNOWN,Datasheet,0.37898057290030274
C:\Users\ashu\Downloads\AdditionalDocuments\12m Limo\Equipment Cut-Sheets\330 - CZONE SCI\CZoneSCI.pdf,UNKNOWN,UNKNOWN,Datasheet,0.3785847336093465
C:\Users\ashu\Downloads\AdditionalDocuments\12m Limo\Equipment Cut-Sheets\335 - CZone Output interface\CZone Output Interface (OI).pdf,UNKNOWN,UNKNOWN,Manual,0.42820929103246436
C:\Users\ashu\Downloads\AdditionalDocuments\12m Limo\Equipment Cut-Sheets\335 - CZone Output interface\CZONE Output interface.pdf,UNKNOWN,UNKNOWN,Manual,0.7190903735962557
C:\Users\ashu\Downloads\AdditionalDocuments\12m Limo\Equipment Cut-Sheets\340 - Zinc Anodes (transom)\DP-Mini.pdf,UNKNOWN,UNKNOWN,Datasheet,0.6854979797024637
C:\Users\ashu\Downloads\AdditionalDocuments\12m Limo\Equipment Cut-Sheets\345 - Docking Lights forward\H-2219 cut-sheet.pdf,UNKNOWN,UNKNOWN,Datasheet,0.4064973400995076
C:\Users\ashu\Downloads\AdditionalDocuments\12m Limo\Equipment Cut-Sheets\345 - Docking Lights forward\H-2219 instruction manual.pdf,OK,Manual,Manual,0.8738958648328642
C:\Users\ashu\Downloads\AdditionalDocuments\12m Limo\Equipment Cut-Sheets\345 - Docking Lights forward\synchronization.pdf,UNKNOWN,UNKNOWN,Datasheet,0.4217591774818769
C:\Users\ashu\Downloads\AdditionalDocuments\12m Limo\Equipment Cut-Sheets\35 - Steering Wheel\Edson Marine_ Stainless Steel ComfortGrip PowerWheel.pdf,UNKNOWN,UNKNOWN,Datasheet,0.39672494453473667
C:\Users\ashu\Downloads\AdditionalDocuments\12m Limo\Equipment Cut-Sheets\350 - Docking Lights Aft\H-2219 cut-sheet.pdf,UNKNOWN,UNKNOWN,Datasheet,0.4064973400995076
C:\Users\ashu\Downloads\AdditionalDocuments\12m Limo\Equipment Cut-Sheets\350 - Docking Lights Aft\H-2219 instruction manual.pdf,OK,Manual,Manual,0.8738958648328642
C:\Users\ashu\Downloads\AdditionalDocuments\12m Limo\Equipment Cut-Sheets\350 - Docking Lights Aft\synchronization.pdf,UNKNOWN,UNKNOWN,Datasheet,0.4217591774818769
C:\Users\ashu\Downloads\AdditionalDocuments\12m Limo\Equipment Cut-Sheets\355 - Side Lights (Red & Green)\201-004 2nm comb side light_ VM.pdf,UNKNOWN,UNKNOWN,Drawing,0.6176741892293055
C:\Users\ashu\Downloads\AdditionalDocuments\12m Limo\Equipment Cut-Sheets\355 - Side Lights (Red & Green)\Installation Guide 601-324.pdf,UNKNOWN,UNKNOWN,Manual,0.6475005140041062
C:\Users\ashu\Downloads\AdditionalDocuments\12m Limo\Equipment Cut-Sheets\360- Anchor steaming Light\M10 drawing.pdf,UNKNOWN,UNKNOWN,Datasheet,0.6539977333747364
C:\Users\ashu\Downloads\AdditionalDocuments\12m Limo\Equipment Cut-Sheets\360- Anchor steaming Light\M10 installation.pdf,UNKNOWN,UNKNOWN,Datasheet,0.6797321433258767
C:\Users\ashu\Downloads\AdditionalDocuments\12m Limo\Equipment Cut-Sheets\360- Anchor steaming Light\TecNiq cut-sheet.pdf,UNKNOWN,UNKNOWN,Datasheet,0.5544668168407466
C:\Users\ashu\Downloads\AdditionalDocuments\12m Limo\Equipment Cut-Sheets\365 - Underwater Lights - Transom\SV55LED_GEN_II_Electroless.pdf,OK,Manual,Manual,0.7673294140268986
C:\Users\ashu\Downloads\AdditionalDocuments\12m Limo\Equipment Cut-Sheets\370 - Underwater Lights - Hull\SV19US.pdf,OK,Manual,Manual,0.7959889097566996
C:\Users\ashu\Downloads\AdditionalDocuments\12m Limo\Equipment Cut-Sheets\375 - LED Courtsey Lights\Courtesy Light Cut-Sheet.pdf,UNKNOWN,UNKNOWN,Datasheet,0.5885510636356603
C:\Users\ashu\Downloads\AdditionalDocuments\12m Limo\Equipment Cut-Sheets\380 - Bulwark Door Lights\detroit-20.pdf,UNKNOWN,UNKNOWN,Datasheet,0.44067191764070485
C:\Users\ashu\Downloads\AdditionalDocuments\12m Limo\Equipment Cut-Sheets\385 - Searchlight - handheld\West Marine Spotlight.pdf,UNKNOWN,UNKNOWN,Certificate,0.4239400455859172
C:\Users\ashu\Downloads\AdditionalDocuments\12m Limo\Equipment Cut-Sheets\390 - Seachlight - Fixed\23050A_TCHDAT_manual.pdf,OK,Manual,Manual,0.9371758304040624
C:\Users\ashu\Downloads\AdditionalDocuments\12m Limo\Equipment Cut-Sheets\395 - Sconce Lights - Cabin\BWL01-BRS-US.pdf,UNKNOWN,UNKNOWN,Datasheet,0.6591527060098146
C:\Users\ashu\Downloads\AdditionalDocuments\12m Limo\Equipment Cut-Sheets\400 - Courtsey Lights - Cabin\Courtesy Light Cut-Sheet.pdf,UNKNOWN,UNKNOWN,Datasheet,0.5885510636356603
C:\Users\ashu\Downloads\AdditionalDocuments\12m Limo\Equipment Cut-Sheets\405 - ER Lights\F-28 Utility Light.PDF.pdf,UNKNOWN,UNKNOWN,Datasheet,0.44905198319758055
C:\Users\ashu\Downloads\AdditionalDocuments\12m Limo\Equipment Cut-Sheets\410 - Step Light\portland-1l-40.pdf,UNKNOWN,UNKNOWN,Datasheet,0.44028635541927974
C:\Users\ashu\Downloads\AdditionalDocuments\12m Limo\Equipment Cut-Sheets\415 - Helm Display\GPSMAP_8-9xxx_OM_EN-US.pdf,OK,Manual,Manual,0.9904365875521833
C:\Users\ashu\Downloads\AdditionalDocuments\12m Limo\Equipment Cut-Sheets\415 - Helm Display\gpsmap_84-8600_field_service.pdf,OK,Manual,Manual,0.9453265183283645
C:\Users\ashu\Downloads\AdditionalDocuments\12m Limo\Equipment Cut-Sheets\415 - Helm Display\GPSMAP_8x10_8x12_8x16_Install_EN-US.pdf,OK,Manual,Manual,0.9488340649178891
C:\Users\ashu\Downloads\AdditionalDocuments\12m Limo\Equipment Cut-Sheets\420 - Helm Display remote\GRID™_ 20 Installation Instructions.pdf,OK,Manual,Manual,0.8917388607170793
C:\Users\ashu\Downloads\AdditionalDocuments\12m Limo\Equipment Cut-Sheets\425 - Transducer\17-435-01.pdf,OK,Manual,Manual,0.8008328579644411
C:\Users\ashu\Downloads\AdditionalDocuments\12m Limo\Equipment Cut-Sheets\425 - Transducer\dst800.pdf,UNKNOWN,UNKNOWN,Datasheet,0.3586660702167792
C:\Users\ashu\Downloads\AdditionalDocuments\12m Limo\Equipment Cut-Sheets\430 - VHF\Important Safety and Product Information Important Safety and Product Information.pdf,UNKNOWN,UNKNOWN,Manual,0.6989502741246748
C:\Users\ashu\Downloads\AdditionalDocuments\12m Limo\Equipment Cut-Sheets\430 - VHF\VHF 315 Series Installation Instructions.pdf,OK,Manual,Manual,0.9237772689813636
C:\Users\ashu\Downloads\AdditionalDocuments\12m Limo\Equipment Cut-Sheets\430 - VHF\VHF 315 Series Owner’s Manual.pdf,OK,Manual,Manual,0.9347870970692327
C:\Users\ashu\Downloads\AdditionalDocuments\12m Limo\Equipment Cut-Sheets\435 - VHF Command Mic\GHS™_ 11 Installation Instructions.pdf,UNKNOWN,UNKNOWN,Manual,0.5714953317614919
C:\Users\ashu\Downloads\AdditionalDocuments\12m Limo\Equipment Cut-Sheets\440 - VHF Antenna\CLASSIC 5250-AIS.pdf,UNKNOWN,UNKNOWN,Datasheet,0.3946362952805227
C:\Users\ashu\Downloads\AdditionalDocuments\12m Limo\Equipment Cut-Sheets\445 - Compass\Ritchie Install Template.pdf,UNKNOWN,UNKNOWN,Datasheet,0.5935852242028821
C:\Users\ashu\Downloads\AdditionalDocuments\12m Limo\Equipment Cut-Sheets\445 - Compass\Ritchie Manual.pdf,UNKNOWN,UNKNOWN,Manual,0.4202910436814611
"C:\Users\ashu\Downloads\AdditionalDocuments\12m Limo\Equipment Cut-Sheets\445 - Compass\SuperSport Helmsman (SS-1002, SS-1002W) - Ritchie Navigation.pdf",UNKNOWN,UNKNOWN,Manual,0.6067725288023401
C:\Users\ashu\Downloads\AdditionalDocuments\12m Limo\Equipment Cut-Sheets\45 - Throttle Unit\Controls and Joysticks for Aquamatic Sterndrive.pdf,UNKNOWN,UNKNOWN,Datasheet,0.4550823090792177
C:\Users\ashu\Downloads\AdditionalDocuments\12m Limo\Equipment Cut-Sheets\450 - AIS\AIS 800 Installation Instructions.pdf,OK,Manual,Manual,0.9559459550869405
C:\Users\ashu\Downloads\AdditionalDocuments\12m Limo\Equipment Cut-Sheets\450 - AIS\Garmin AIS™ 800 Blackbox Transceiver _ Built-in GPS.pdf,UNKNOWN,UNKNOWN,Datasheet,0.4722255443265009
C:\Users\ashu\Downloads\AdditionalDocuments\12m Limo\Equipment Cut-Sheets\450 - AIS\Tech_Ref_for_Garmin_NMEA2k_EN.pdf,OK,Manual,Manual,0.9581947903071759
C:\Users\ashu\Downloads\AdditionalDocuments\12m Limo\Equipment Cut-Sheets\455 - Helm Cooling Fan\9602K42_Wet-Location Equipment-Cooling Fan.pdf,UNKNOWN,UNKNOWN,Datasheet,0.4220027543203911
C:\Users\ashu\Downloads\AdditionalDocuments\12m Limo\Equipment Cut-Sheets\46- Key Fob\Rfsolututions Key Fob.pdf,UNKNOWN,UNKNOWN,Manual,0.6816968712496407
C:\Users\ashu\Downloads\AdditionalDocuments\12m Limo\Equipment Cut-Sheets\460 - Fusion Head Unit\Apollo™_ MS-RA770 Owner’s Manual.pdf,OK,Manual,Manual,0.9932309844140594
C:\Users\ashu\Downloads\AdditionalDocuments\12m Limo\Equipment Cut-Sheets\460 - Fusion Head Unit\Apollo™_ RA770 Installation Instructions Installation Instructions.pdf,OK,Manual,Manual,0.931682135094314
C:\Users\ashu\Downloads\AdditionalDocuments\12m Limo\Equipment Cut-Sheets\460 - Fusion Head Unit\FUSION_MS-RA770_DoC.pdf,UNKNOWN,UNKNOWN,Certificate,0.5281140802061828
C:\Users\ashu\Downloads\AdditionalDocuments\12m Limo\Equipment Cut-Sheets\460 - Fusion Head Unit\RA770-Mounting-Template.pdf,UNKNOWN,UNKNOWN,Datasheet,0.6042748580797969
C:\Users\ashu\Downloads\AdditionalDocuments\12m Limo\Equipment Cut-Sheets\460 - Fusion Head Unit\Safety & Product information.pdf,UNKNOWN,UNKNOWN,Manual,0.7077444730359665
C:\Users\ashu\Downloads\AdditionalDocuments\12m Limo\Equipment Cut-Sheets\465 - Speakers - Interior 6.5 ''\M6_650X_770X_880X_LED_MAN.pdf,UNKNOWN,UNKNOWN,Drawing,0.3069439860987997
C:\Users\ashu\Downloads\AdditionalDocuments\12m Limo\Equipment Cut-Sheets\470 - Speakers - Exterior 7.7''\M6_650X_770X_880X_LED_MAN.pdf,UNKNOWN,UNKNOWN,Drawing,0.3069439860987997
C:\Users\ashu\Downloads\AdditionalDocuments\12m Limo\Equipment Cut-Sheets\475 - Subwoofers 8''\M6-8IB-C-GwGw-4 - Marine Audio - Subwoofer Drivers - M6 - Infinite Baffle Subwoofers – JL Audio.pdf,UNKNOWN,UNKNOWN,Datasheet,0.3883559964472926
C:\Users\ashu\Downloads\AdditionalDocuments\12m Limo\Equipment Cut-Sheets\475 - Subwoofers 8''\M6_8IB_MAN.pdf,UNKNOWN,UNKNOWN,Drawing,0.2922093338621334
C:\Users\ashu\Downloads\AdditionalDocuments\12m Limo\Equipment Cut-Sheets\480 - Amplifier\XDM800_8_MAN.pdf,UNKNOWN,UNKNOWN,Manual,0.5401492272204915
C:\Users\ashu\Downloads\AdditionalDocuments\12m Limo\Equipment Cut-Sheets\485 - Amplifier (Subs)\XDM600_1_MAN.pdf,UNKNOWN,UNKNOWN,Manual,0.5495338672602544
C:\Users\ashu\Downloads\AdditionalDocuments\12m Limo\Equipment Cut-Sheets\490 - AM-FM Antenna\Jensen AN150SR AM_FM Antenna.pdf,OK,Manual,Manual,0.870234919332481
C:\Users\ashu\Downloads\AdditionalDocuments\12m Limo\Equipment Cut-Sheets\495 - 515 Windows\529-802 Windshield and Superstructure Windows.pdf,UNKNOWN,UNKNOWN,Drawing,0.6198765735300891
C:\Users\ashu\Downloads\AdditionalDocuments\12m Limo\Equipment Cut-Sheets\5 - Main Engine\47711843.pdf,UNKNOWN,UNKNOWN,Manual,0.5320156519312742
C:\Users\ashu\Downloads\AdditionalDocuments\12m Limo\Equipment Cut-Sheets\5 - Main Engine\D4 D6 Operators Manual 47712786.pdf,OK,Manual,Manual,0.9482713895211673
C:\Users\ashu\Downloads\AdditionalDocuments\12m Limo\Equipment Cut-Sheets\5 - Main Engine\DPI Workshop Manual 47711666.pdf,OK,Manual,Manual,0.9367254224883189
C:\Users\ashu\Downloads\AdditionalDocuments\12m Limo\Equipment Cut-Sheets\5 - Main Engine\EVC 2.0 Cal and setting 47712078.pdf,OK,Manual,Manual,0.9703734048630568
C:\Users\ashu\Downloads\AdditionalDocuments\12m Limo\Equipment Cut-Sheets\5 - Main Engine\EVC 2.0 Install Manual 47713670.pdf,OK,Manual,Manual,0.952196999370728
C:\Users\ashu\Downloads\AdditionalDocuments\12m Limo\Equipment Cut-Sheets\50 - Anchor\0443-580-210 Anchor Layout & Details Rev A.pdf,UNKNOWN,UNKNOWN,Drawing,0.5507424728444357
C:\Users\ashu\Downloads\AdditionalDocuments\12m Limo\Equipment Cut-Sheets\520 - Cleats\Cleat installation manual.pdf,UNKNOWN,UNKNOWN,Datasheet,0.6168592845349637
C:\Users\ashu\Downloads\AdditionalDocuments\12m Limo\Equipment Cut-Sheets\520 - Cleats\maintenance.pdf,UNKNOWN,UNKNOWN,Datasheet,0.6410533697031368
C:\Users\ashu\Downloads\AdditionalDocuments\12m Limo\Equipment Cut-Sheets\520 - Cleats\pdf drawing.pdf,UNKNOWN,UNKNOWN,Datasheet,0.5022849605106867
C:\Users\ashu\Downloads\AdditionalDocuments\12m Limo\Equipment Cut-Sheets\520 - Cleats\Seasmart cleat catelog.pdf,UNKNOWN,UNKNOWN,Datasheet,0.5829548316674759
C:\Users\ashu\Downloads\AdditionalDocuments\12m Limo\Equipment Cut-Sheets\525 - Fender Cleats\fender cleat.pdf,UNKNOWN,UNKNOWN,Datasheet,0.46639000270407777
C:\Users\ashu\Downloads\AdditionalDocuments\12m Limo\Equipment Cut-Sheets\525 - Fender Cleats\QUICK LOCK SYSTEM DATASHEET.pdf,UNKNOWN,UNKNOWN,Datasheet,0.44763431836127343
C:\Users\ashu\Downloads\AdditionalDocuments\12m Limo\Equipment Cut-Sheets\525 - Fender Cleats\SL10_range.pdf,UNKNOWN,UNKNOWN,Datasheet,0.5687392913052833
C:\Users\ashu\Downloads\AdditionalDocuments\12m Limo\Equipment Cut-Sheets\525 - Fender Cleats\smartlock_techsheet.pdf,UNKNOWN,UNKNOWN,Datasheet,0.5078007169153591
C:\Users\ashu\Downloads\AdditionalDocuments\12m Limo\Equipment Cut-Sheets\530 - U-bolt Tie Downs\Harken Pad Eye.pdf,UNKNOWN,UNKNOWN,Datasheet,0.5937074163153768
C:\Users\ashu\Downloads\AdditionalDocuments\12m Limo\Equipment Cut-Sheets\535 - Lifting Point Fittings\0443-034-230 Lifting Straps Rev A.pdf,UNKNOWN,UNKNOWN,Drawing,0.49031923902733693
C:\Users\ashu\Downloads\AdditionalDocuments\12m Limo\Equipment Cut-Sheets\540 - Lifting Shackle\Part #11248.pdf,UNKNOWN,UNKNOWN,Datasheet,0.384184159491042
C:\Users\ashu\Downloads\AdditionalDocuments\12m Limo\Equipment Cut-Sheets\55 - Anchor Launcher\0443-580-210 Anchor Layout & Details Rev A.pdf,UNKNOWN,UNKNOWN,Drawing,0.5507424728444357
C:\Users\ashu\Downloads\AdditionalDocuments\12m Limo\Equipment Cut-Sheets\550 - Rub Rail\MateUSA Bino Rub Rail cut-sheet.pdf,UNKNOWN,UNKNOWN,Datasheet,0.3759211749438041
C:\Users\ashu\Downloads\AdditionalDocuments\12m Limo\Equipment Cut-Sheets\565 - Boarding Stanchions\0443-670-210 Handrail Layout Rev A.pdf,UNKNOWN,UNKNOWN,Drawing,0.6228322423861217
C:\Users\ashu\Downloads\AdditionalDocuments\12m Limo\Equipment Cut-Sheets\570 - Boarding Sockets\0443-670-210 Handrail Layout Rev A.pdf,UNKNOWN,UNKNOWN,Drawing,0.6228322423861217
C:\Users\ashu\Downloads\AdditionalDocuments\12m Limo\Equipment Cut-Sheets\575 -585  Grab Rails\0443-670-210 Handrail Layout Rev A.pdf,UNKNOWN,UNKNOWN,Drawing,0.6228322423861217
C:\Users\ashu\Downloads\AdditionalDocuments\12m Limo\Equipment Cut-Sheets\590 - Flag Staff\0443-620-340 Flag pole and socket Rev A .pdf,UNKNOWN,UNKNOWN,Drawing,0.5437757467976129
C:\Users\ashu\Downloads\AdditionalDocuments\12m Limo\Equipment Cut-Sheets\595 - Flag Staff Socket\0443-620-340 Flag pole and socket Rev A .pdf,UNKNOWN,UNKNOWN,Drawing,0.5437757467976129
C:\Users\ashu\Downloads\AdditionalDocuments\12m Limo\Equipment Cut-Sheets\60 - Windlass\ProductDatasheet45.pdf,UNKNOWN,UNKNOWN,Datasheet,0.4168451813292923
C:\Users\ashu\Downloads\AdditionalDocuments\12m Limo\Equipment Cut-Sheets\60 - Windlass\Windlass Manual.pdf,UNKNOWN,UNKNOWN,Manual,0.68360659694059
C:\Users\ashu\Downloads\AdditionalDocuments\12m Limo\Equipment Cut-Sheets\600 - Burgee Staff\0443-670-320 Bollard & Burgee Staff Rev A.pdf,UNKNOWN,UNKNOWN,Drawing,0.5035379329194752
C:\Users\ashu\Downloads\AdditionalDocuments\12m Limo\Equipment Cut-Sheets\605 - Burgee Socket\0443-670-320 Bollard & Burgee Staff Rev A.pdf,UNKNOWN,UNKNOWN,Drawing,0.5035379329194752
C:\Users\ashu\Downloads\AdditionalDocuments\12m Limo\Equipment Cut-Sheets\610 - Boat Hook\Boat Hook.pdf,UNKNOWN,UNKNOWN,Certificate,0.4206755527026995
C:\Users\ashu\Downloads\AdditionalDocuments\12m Limo\Equipment Cut-Sheets\615 - Generator\NorthernLightsM673LD3 - CUTSHEET.pdf,UNKNOWN,UNKNOWN,Manual,0.5457118280255826
C:\Users\ashu\Downloads\AdditionalDocuments\12m Limo\Equipment Cut-Sheets\615 - Generator\NorthernLightsM673LD3- ASSEMBLY.pdf,UNKNOWN,UNKNOWN,Manual,0.32638689359272527
C:\Users\ashu\Downloads\AdditionalDocuments\12m Limo\Equipment Cut-Sheets\615 - Generator\NorthernLightsM673LD3- INSTALL.pdf,UNKNOWN,UNKNOWN,Drawing,0.5421204186013489
C:\Users\ashu\Downloads\AdditionalDocuments\12m Limo\Equipment Cut-Sheets\615 - Generator\NorthernLightsM673LD3- PARTS MANUAL.pdf,UNKNOWN,UNKNOWN,Manual,0.5887115041465516
C:\Users\ashu\Downloads\AdditionalDocuments\12m Limo\Equipment Cut-Sheets\615 - Generator\NorthernLightsM673LD3- SOUND SHIELD.pdf,UNKNOWN,UNKNOWN,Drawing,0.6627047106662975
C:\Users\ashu\Downloads\AdditionalDocuments\12m Limo\Equipment Cut-Sheets\615 - Generator\NorthernLightsM673LD3-USER MANUAL.pdf,OK,Manual,Manual,0.958524564190594
C:\Users\ashu\Downloads\AdditionalDocuments\12m Limo\Equipment Cut-Sheets\620 - Generator Sound Enclosure\accessories_brochure.pdf,UNKNOWN,UNKNOWN,Manual,0.5388435888816339
C:\Users\ashu\Downloads\AdditionalDocuments\12m Limo\Equipment Cut-Sheets\620 - Generator Sound Enclosure\L768-5-40-kW-Gem-Series-Sound-Enclosure.pdf,UNKNOWN,UNKNOWN,Datasheet,0.6448163867137329
C:\Users\ashu\Downloads\AdditionalDocuments\12m Limo\Equipment Cut-Sheets\620 - Generator Sound Enclosure\L813-sound-shield-assy-M673LD3_L3-GEM.pdf,UNKNOWN,UNKNOWN,Manual,0.6121402221599823
C:\Users\ashu\Downloads\AdditionalDocuments\12m Limo\Equipment Cut-Sheets\625 - Water Lift Muffler\L631-Marine-Accessories.pdf,UNKNOWN,UNKNOWN,Manual,0.5659390803397234
C:\Users\ashu\Downloads\AdditionalDocuments\12m Limo\Equipment Cut-Sheets\630 - Exhaust Gas Separator Muffler\L631-Marine-Accessories (1).pdf,UNKNOWN,UNKNOWN,Manual,0.5659390803397234
C:\Users\ashu\Downloads\AdditionalDocuments\12m Limo\Equipment Cut-Sheets\635 - Raw Water Strainer\AARG-755 Series Raw Water Strainer _ GROCO.pdf,UNKNOWN,UNKNOWN,Datasheet,0.5441009277372371
C:\Users\ashu\Downloads\AdditionalDocuments\12m Limo\Equipment Cut-Sheets\635 - Raw Water Strainer\Groco00-32006.pdf,UNKNOWN,UNKNOWN,Manual,0.36340934937374436
C:\Users\ashu\Downloads\AdditionalDocuments\12m Limo\Equipment Cut-Sheets\640 - Fuel Filter Water Seperator\215RMAM - Marine Fuel Filter Water Separator – Racor Spin-on Series _ Parker NA.pdf,UNKNOWN,UNKNOWN,Datasheet,0.4710480993856877
C:\Users\ashu\Downloads\AdditionalDocuments\12m Limo\Equipment Cut-Sheets\65 - Windlass Remote\Manual-T2399 Lewmar Wireless Issue 1 WEB.pdf,UNKNOWN,UNKNOWN,Manual,0.6890976401396439
C:\Users\ashu\Downloads\AdditionalDocuments\12m Limo\Equipment Cut-Sheets\650- Reboading Ladder\Ladder Series 2203.pdf,UNKNOWN,UNKNOWN,Datasheet,0.5517521092091906
C:\Users\ashu\Downloads\AdditionalDocuments\12m Limo\Equipment Cut-Sheets\655 - Fire Extinguisher\commercial_marine_catalog.pdf,UNKNOWN,UNKNOWN,Manual,0.3742658585941507
C:\Users\ashu\Downloads\AdditionalDocuments\12m Limo\Equipment Cut-Sheets\655 - Fire Extinguisher\SecStart.pdf,UNKNOWN,UNKNOWN,Manual,0.6692802979653665
C:\Users\ashu\Downloads\AdditionalDocuments\12m Limo\Equipment Cut-Sheets\655 - Fire Extinguisher\User-Guide-Kidde-Dry-ChemicalF.pdf,UNKNOWN,UNKNOWN,Manual,0.5678776309384229
C:\Users\ashu\Downloads\AdditionalDocuments\12m Limo\Equipment Cut-Sheets\655 - Horn\k-460_brochure.pdf,UNKNOWN,UNKNOWN,Datasheet,0.3881227893222636
C:\Users\ashu\Downloads\AdditionalDocuments\12m Limo\Equipment Cut-Sheets\70 - Anchor Chain\Suncor Stainless Chain - Cut-sheet.pdf,UNKNOWN,UNKNOWN,Datasheet,0.6058931700114291
C:\Users\ashu\Downloads\AdditionalDocuments\12m Limo\Equipment Cut-Sheets\75 - White Nylon Braid\Yale Nylon Rope - cut-sheet.pdf,UNKNOWN,UNKNOWN,Datasheet,0.5337334703959836
C:\Users\ashu\Downloads\AdditionalDocuments\12m Limo\Equipment Cut-Sheets\80 - Fuel Tank\Fuel Tank HDY-139.pdf,UNKNOWN,UNKNOWN,Drawing,0.5644808537509638
C:\Users\ashu\Downloads\AdditionalDocuments\12m Limo\Equipment Cut-Sheets\80 - Fuel Tank\HDY-139 CERT.pdf,UNKNOWN,UNKNOWN,Certificate,0.5040895579062505
C:\Users\ashu\Downloads\AdditionalDocuments\12m Limo\Equipment Cut-Sheets\85 - Fuel Filters - Main Engine\Fuel Filter 75500MAX10.pdf,UNKNOWN,UNKNOWN,Datasheet,0.4514564281629627
C:\Users\ashu\Downloads\AdditionalDocuments\12m Limo\Equipment Cut-Sheets\85 - Fuel Filters - Main Engine\Fuel Filters 500 Series.pdf,UNKNOWN,UNKNOWN,Datasheet,0.5881361906123987
C:\Users\ashu\Downloads\AdditionalDocuments\12m Limo\Equipment Cut-Sheets\90 - Fuel Level Indicator\Wema SSS-SSL Diesel fuel sensor.pdf,UNKNOWN,UNKNOWN,Datasheet,0.5260539302392925
C:\Users\ashu\Downloads\AdditionalDocuments\12m Limo\Equipment Cut-Sheets\95 - Fuel Level indicator direct read\Swingarm Mechanical Sending Unit – 16 1_4″ Tank Depth - Moeller Marine.pdf,UNKNOWN,UNKNOWN,Datasheet,0.47526743335896543
C:\Users\ashu\Downloads\AdditionalDocuments\12m BeachLander\DRAWINGS\0445-034-200 12m Beachlander Tender Garage Fit Rev A.pdf,OK,Drawing,Drawing,0.7877376848433179
C:\Users\ashu\Downloads\AdditionalDocuments\12m BeachLander\DRAWINGS\0445-110-320 Bow Door Rev B.pdf,UNKNOWN,UNKNOWN,Drawing,0.56389247568396
C:\Users\ashu\Downloads\AdditionalDocuments\12m BeachLander\DRAWINGS\0445-110-510 HULL BONDOUTS Rev F.pdf,UNKNOWN,UNKNOWN,Drawing,0.5471730539456864
C:\Users\ashu\Downloads\AdditionalDocuments\12m BeachLander\DRAWINGS\0445-120-315 STRUCTURAL PENETRATIONS REV C.pdf,UNKNOWN,UNKNOWN,Drawing,0.7258551413688741
C:\Users\ashu\Downloads\AdditionalDocuments\12m BeachLander\DRAWINGS\0445-140-305 DECK BONDOUTS AND CORE REPLACEMENT REV C.pdf,UNKNOWN,UNKNOWN,Drawing,0.6131949525031299
C:\Users\ashu\Downloads\AdditionalDocuments\12m BeachLander\DRAWINGS\0445-150-305 T-Top Shell & Liner Laminate Rev A.pdf,UNKNOWN,UNKNOWN,Drawing,0.4728985133624705
C:\Users\ashu\Downloads\AdditionalDocuments\12m BeachLander\DRAWINGS\0445-150-330 T-Top Hardware Rev B.pdf,UNKNOWN,UNKNOWN,Drawing,0.45845293142584437
C:\Users\ashu\Downloads\AdditionalDocuments\12m BeachLander\DRAWINGS\0445-160-312 Engine Rm. Hatch Laminate & Details Rev B.pdf,UNKNOWN,UNKNOWN,Drawing,0.49175506716659195
C:\Users\ashu\Downloads\AdditionalDocuments\12m BeachLander\DRAWINGS\0445-160-315 Companionway Door Rev A.pdf,UNKNOWN,UNKNOWN,Drawing,0.5894418266439813
C:\Users\ashu\Downloads\AdditionalDocuments\12m BeachLander\DRAWINGS\0445-160-320 Sole Hatch Construction Rev D.pdf,UNKNOWN,UNKNOWN,Drawing,0.5367390418655004
C:\Users\ashu\Downloads\AdditionalDocuments\12m BeachLander\DRAWINGS\0445-160-322 Bow Door Hydraulic Cover Rev A.pdf,UNKNOWN,UNKNOWN,Drawing,0.55045770438168
C:\Users\ashu\Downloads\AdditionalDocuments\12m BeachLander\DRAWINGS\0445-160-325 Seat Hatches and Tubs Rev B.pdf,UNKNOWN,UNKNOWN,Drawing,0.5067322597127513
C:\Users\ashu\Downloads\AdditionalDocuments\12m BeachLander\DRAWINGS\0445-160-330 FENDER STORAGE REV A.pdf,OK,Drawing,Drawing,0.7805469222692055
C:\Users\ashu\Downloads\AdditionalDocuments\12m BeachLander\DRAWINGS\0445-160-350 Anchor Locker Hatches Rev A.pdf,UNKNOWN,UNKNOWN,Drawing,0.7484848982644553
C:\Users\ashu\Downloads\AdditionalDocuments\12m BeachLander\DRAWINGS\0445-160-360 Helm Console Laminate.pdf,UNKNOWN,UNKNOWN,Drawing,0.5243848129797941
C:\Users\ashu\Downloads\AdditionalDocuments\12m BeachLander\DRAWINGS\0445-280-100 FUEL SYSTEM SCHEMATIC Rev B.pdf,UNKNOWN,UNKNOWN,Drawing,0.5158995551072851
C:\Users\ashu\Downloads\AdditionalDocuments\12m BeachLander\DRAWINGS\0445-320-200 AC DC ELECTRICAL SCHEMATIC WITH C-ZONE REV  B-8 OF 9.pdf,UNKNOWN,UNKNOWN,Drawing,0.6701763139213027
C:\Users\ashu\Downloads\AdditionalDocuments\12m BeachLander\DRAWINGS\0445-320-200 AC DC ELECTRICAL SCHEMATIC WITH C-ZONE REV  B-9 OF 9.pdf,UNKNOWN,UNKNOWN,Drawing,0.5432218630566225
C:\Users\ashu\Downloads\AdditionalDocuments\12m BeachLander\DRAWINGS\0445-320-200 AC DC ELECTRICAL SCHEMATIC WITH C-ZONE REV  B-SHEET 1 OF 9.pdf,UNKNOWN,UNKNOWN,Drawing,0.5107743129225432
C:\Users\ashu\Downloads\AdditionalDocuments\12m BeachLander\DRAWINGS\0445-320-200 AC DC ELECTRICAL SCHEMATIC WITH C-ZONE REV  B-SHEET 2 OF 9.pdf,UNKNOWN,UNKNOWN,Drawing,0.49458652938837866
C:\Users\ashu\Downloads\AdditionalDocuments\12m BeachLander\DRAWINGS\0445-320-200 AC DC ELECTRICAL SCHEMATIC WITH C-ZONE REV  B-SHEET 3 OF 9.pdf,UNKNOWN,UNKNOWN,Drawing,0.6990001829816349
C:\Users\ashu\Downloads\AdditionalDocuments\12m BeachLander\DRAWINGS\0445-320-200 AC DC ELECTRICAL SCHEMATIC WITH C-ZONE REV  B-SHEET 4 OF 9.pdf,UNKNOWN,UNKNOWN,Drawing,0.7443415181724522
C:\Users\ashu\Downloads\AdditionalDocuments\12m BeachLander\DRAWINGS\0445-320-200 AC DC ELECTRICAL SCHEMATIC WITH C-ZONE REV  B-SHEET 5 OF 9.pdf,UNKNOWN,UNKNOWN,Drawing,0.3623581295603232
C:\Users\ashu\Downloads\AdditionalDocuments\12m BeachLander\DRAWINGS\0445-320-200 AC DC ELECTRICAL SCHEMATIC WITH C-ZONE REV  B-SHEET 6 OF 9.pdf,UNKNOWN,UNKNOWN,Drawing,0.4369378807410858
C:\Users\ashu\Downloads\AdditionalDocuments\12m BeachLander\DRAWINGS\0445-320-200 AC DC ELECTRICAL SCHEMATIC WITH C-ZONE REV  B-SHEET 7 OF 9.pdf,UNKNOWN,UNKNOWN,Datasheet,0.6443437428881202
C:\Users\ashu\Downloads\AdditionalDocuments\12m BeachLander\DRAWINGS\0445-320-230 ENG RM SHUTDOWN SYSTEM ELECTRICAL SCHEMATIC REV A-SHEET 1.pdf,UNKNOWN,UNKNOWN,Drawing,0.4000691002874666
C:\Users\ashu\Downloads\AdditionalDocuments\12m BeachLander\DRAWINGS\0445-320-250 PUMP ELECTRICAL SCHEMATICS REV A-SHEET 1 OF 2.pdf,UNKNOWN,UNKNOWN,Drawing,0.6801997142386117
C:\Users\ashu\Downloads\AdditionalDocuments\12m BeachLander\DRAWINGS\0445-320-250 PUMP ELECTRICAL SCHEMATICS REV A-SHEET 2 OF 2.pdf,UNKNOWN,UNKNOWN,Drawing,0.43374385622407524
C:\Users\ashu\Downloads\AdditionalDocuments\12m BeachLander\DRAWINGS\0445-330-100 Lighting Layout REV C.pdf,UNKNOWN,UNKNOWN,Drawing,0.5586192162797022
C:\Users\ashu\Downloads\AdditionalDocuments\12m BeachLander\DRAWINGS\0445-340-200 ELECTRONICS SCHEMATIC REV A-SHEET 1.pdf,UNKNOWN,UNKNOWN,Drawing,0.4892932318244626
C:\Users\ashu\Downloads\AdditionalDocuments\12m BeachLander\DRAWINGS\0445-340-200 HELM LAYOUT REV A.pdf,UNKNOWN,UNKNOWN,Drawing,0.7474779275007806
C:\Users\ashu\Downloads\AdditionalDocuments\12m BeachLander\DRAWINGS\0445-340-200 Helm Layout Rev C.pdf,UNKNOWN,UNKNOWN,Drawing,0.47925714812910436
C:\Users\ashu\Downloads\AdditionalDocuments\12m BeachLander\DRAWINGS\0445-510-300 AIRBOX PLENUM REV A.pdf,OK,Drawing,Drawing,0.795712071416236
C:\Users\ashu\Downloads\AdditionalDocuments\12m BeachLander\DRAWINGS\0445-510-330 AIRBOX BAFFLE REV A.pdf,OK,Drawing,Drawing,0.7924513316033233
C:\Users\ashu\Downloads\AdditionalDocuments\12m BeachLander\DRAWINGS\0445-520-100 Bilge System Schematic Rev B.pdf,UNKNOWN,UNKNOWN,Drawing,0.6653779030700423
C:\Users\ashu\Downloads\AdditionalDocuments\12m BeachLander\DRAWINGS\0445-520-100 Bilge System Schematic.pdf,UNKNOWN,UNKNOWN,Drawing,0.4950604819355842
C:\Users\ashu\Downloads\AdditionalDocuments\12m BeachLander\DRAWINGS\0445-520-120 Drain Schematic Sketch Rev A.pdf,UNKNOWN,UNKNOWN,Datasheet,0.41989727970141
C:\Users\ashu\Downloads\AdditionalDocuments\12m BeachLander\DRAWINGS\0445-520-120 Raw Water Schematic.pdf,UNKNOWN,UNKNOWN,Drawing,0.62429672629772
C:\Users\ashu\Downloads\AdditionalDocuments\12m BeachLander\DRAWINGS\0445-520-200 Deck Drain rev A.pdf,UNKNOWN,UNKNOWN,Drawing,0.5814003980990656
C:\Users\ashu\Downloads\AdditionalDocuments\12m BeachLander\DRAWINGS\0445-530-110 Fuel Tank REV B.pdf,OK,Drawing,Drawing,0.7911071834733605
C:\Users\ashu\Downloads\AdditionalDocuments\12m BeachLander\DRAWINGS\0445-530-301 FRESH WATER TANK Rev B.pdf,OK,Drawing,Drawing,0.7623742673017597
C:\Users\ashu\Downloads\AdditionalDocuments\12m BeachLander\DRAWINGS\0445-540-100 Fresh Water Schematic Rev B.pdf,UNKNOWN,UNKNOWN,Drawing,0.5142135341309793
C:\Users\ashu\Downloads\AdditionalDocuments\12m BeachLander\DRAWINGS\0445-540-100 Fresh Water Schematic Rev C.pdf,UNKNOWN,UNKNOWN,Drawing,0.5362297090150673
C:\Users\ashu\Downloads\AdditionalDocuments\12m BeachLander\DRAWINGS\0445-550-100 Black Water System Schematic REV A.pdf,UNKNOWN,UNKNOWN,Drawing,0.5156068954765164
C:\Users\ashu\Downloads\AdditionalDocuments\12m BeachLander\DRAWINGS\0445-580-330 Anchor System Components Rev A.pdf,UNKNOWN,UNKNOWN,Drawing,0.5335789638489136
C:\Users\ashu\Downloads\AdditionalDocuments\12m BeachLander\DRAWINGS\0445-610-360 Head Pan Rev A.pdf,UNKNOWN,UNKNOWN,Drawing,0.5212808444942741
C:\Users\ashu\Downloads\AdditionalDocuments\12m BeachLander\DRAWINGS\0445-610-365 Head Pan PORT SIDE REV A.pdf,UNKNOWN,UNKNOWN,Drawing,0.4843532930237442
C:\Users\ashu\Downloads\AdditionalDocuments\12m BeachLander\DRAWINGS\0445-620-115 Exterior Upholstery Rev B.pdf,UNKNOWN,UNKNOWN,Drawing,0.48947606684789946
C:\Users\ashu\Downloads\AdditionalDocuments\12m BeachLander\DRAWINGS\0445-620-305 Deck Drawer Construction Rev B.pdf,UNKNOWN,UNKNOWN,Drawing,0.5509895601719732
C:\Users\ashu\Downloads\AdditionalDocuments\12m BeachLander\DRAWINGS\0445-620-340 Flag pole and socket Rev A.pdf,UNKNOWN,UNKNOWN,Drawing,0.7080220592357379
C:\Users\ashu\Downloads\AdditionalDocuments\12m BeachLander\DRAWINGS\0445-640-200 Deck Covering Rev B.pdf,UNKNOWN,UNKNOWN,Drawing,0.5195517418022646
C:\Users\ashu\Downloads\AdditionalDocuments\12m BeachLander\DRAWINGS\0445-640-200 Deck Covering Rev C.pdf,UNKNOWN,UNKNOWN,Drawing,0.5899474033455414
C:\Users\ashu\Downloads\AdditionalDocuments\12m BeachLander\DRAWINGS\0445-640-210 Paint Layout Rev A.pdf,UNKNOWN,UNKNOWN,Drawing,0.464231506670573
C:\Users\ashu\Downloads\AdditionalDocuments\12m BeachLander\DRAWINGS\0445-640-210 Paint Layout Rev B.pdf,UNKNOWN,UNKNOWN,Drawing,0.4349209669501851
C:\Users\ashu\Downloads\AdditionalDocuments\12m BeachLander\DRAWINGS\0445-650-230 Bow Door Hardware Rev A.pdf,UNKNOWN,UNKNOWN,Drawing,0.5922222326101094
C:\Users\ashu\Downloads\AdditionalDocuments\12m BeachLander\DRAWINGS\0445-650-230 Bow Door Hardware Rev B.pdf,UNKNOWN,UNKNOWN,Drawing,0.5759803794222934
C:\Users\ashu\Downloads\AdditionalDocuments\12m BeachLander\DRAWINGS\0445-650-300 Hull Side Door Rev A.pdf,UNKNOWN,UNKNOWN,Drawing,0.46487393769535773
C:\Users\ashu\Downloads\AdditionalDocuments\12m BeachLander\DRAWINGS\0445-650-315 Helm Locker Door Rev A.pdf,UNKNOWN,UNKNOWN,Drawing,0.5127149901637204
C:\Users\ashu\Downloads\AdditionalDocuments\12m BeachLander\DRAWINGS\0445-660-325 Fold Out Seating Rev A.pdf,UNKNOWN,UNKNOWN,Drawing,0.5203924943850459
C:\Users\ashu\Downloads\AdditionalDocuments\12m BeachLander\DRAWINGS\0445-670-200 Deck Hardware Layout Rev B.pdf,OK,Drawing,Drawing,0.7748880193377617
C:\Users\ashu\Downloads\AdditionalDocuments\12m BeachLander\DRAWINGS\0445-670-200 Deck Hardware Layout Rev C.pdf,UNKNOWN,UNKNOWN,Drawing,0.5507040074049668
C:\Users\ashu\Downloads\AdditionalDocuments\12m BeachLander\DRAWINGS\0445-670-210 HAND RAIL LAYOUT REV C.pdf,OK,Drawing,Drawing,0.7728362947222558
C:\Users\ashu\Downloads\AdditionalDocuments\12m BeachLander\DRAWINGS\0445-670-220 Aft Fender Bracket Rev A.pdf,UNKNOWN,UNKNOWN,Drawing,0.5360272859307912
C:\Users\ashu\Downloads\AdditionalDocuments\12m BeachLander\DRAWINGS\0445-670-340 Table Fabrication Rev A.pdf,UNKNOWN,UNKNOWN,Drawing,0.4529679644728803
C:\Users\ashu\Downloads\AdditionalDocuments\12m BeachLander\DRAWINGS\0445-670-341 T-Top Rocket Launcher Rev B.pdf,UNKNOWN,UNKNOWN,Drawing,0.47914452601521146
C:\Users\ashu\Downloads\AdditionalDocuments\12m BeachLander\DRAWINGS\0445-675-310 Ski Tow Pylon and Socket.pdf,UNKNOWN,UNKNOWN,Drawing,0.5547069983187614
C:\Users\ashu\Downloads\AdditionalDocuments\12m BeachLander\DRAWINGS\0445-690-300 STERN RAIL AND SWIM LADDER REV C.pdf,UNKNOWN,UNKNOWN,Drawing,0.5161510563181003
C:\Users\ashu\Downloads\AdditionalDocuments\12m BeachLander\DRAWINGS\0445-700-301 Shipping Cradle Rev A.pdf,UNKNOWN,UNKNOWN,Drawing,0.5438678884458971
C:\Users\ashu\Downloads\AdditionalDocuments\12m BeachLander\DRAWINGS\0445-830-120 LIFT BUSHINGS REV C.pdf,UNKNOWN,UNKNOWN,Drawing,0.4801211857739523
"C:\Users\ashu\Downloads\AdditionalDocuments\12m BeachLander\DRAWINGS\522-001-01,02 General Arrangement.pdf",UNKNOWN,UNKNOWN,Drawing,0.7288768022257713
C:\Users\ashu\Downloads\AdditionalDocuments\12m BeachLander\DRAWINGS\522-1101-01 ISO Stability.pdf,UNKNOWN,UNKNOWN,Drawing,0.5094968716217959
C:\Users\ashu\Downloads\AdditionalDocuments\12m BeachLander\DRAWINGS\522-201 RevA Hull Lamination.pdf,UNKNOWN,UNKNOWN,Drawing,0.5086528313107505
C:\Users\ashu\Downloads\AdditionalDocuments\12m BeachLander\DRAWINGS\522-202 RevA Structural Grid & Transverse Frames - HT Fixed Dimensions.pdf,OK,Drawing,Drawing,0.792690731983113
C:\Users\ashu\Downloads\AdditionalDocuments\12m BeachLander\DRAWINGS\522-202 RevA Structural Grid & Transverse Frames.pdf,UNKNOWN,UNKNOWN,Drawing,0.35659372828430863
C:\Users\ashu\Downloads\AdditionalDocuments\12m BeachLander\DRAWINGS\522-301 RevB Deck Lamination.pdf,UNKNOWN,UNKNOWN,Drawing,0.4621696540559785
"C:\Users\ashu\Downloads\AdditionalDocuments\12m BeachLander\DRAWINGS\522-302 Hartop & Small Parts Laminate Schedule, Core Layout & Details .pdf",OK,Drawing,Drawing,0.7557358294590272
C:\Users\ashu\Downloads\AdditionalDocuments\12m BeachLander\DRAWINGS\522-401 Major Machinery Layout.pdf,UNKNOWN,UNKNOWN,Drawing,0.6976497781281737
C:\Users\ashu\Downloads\AdditionalDocuments\12m BeachLander\DRAWINGS\522-402 Engine Installation.pdf,UNKNOWN,UNKNOWN,Drawing,0.6606813438722913
C:\Users\ashu\Downloads\AdditionalDocuments\12m BeachLander\DRAWINGS\522-601 Tankage Plan.pdf,UNKNOWN,UNKNOWN,Drawing,0.7208424011484246
"C:\Users\ashu\Downloads\AdditionalDocuments\12m BeachLander\DRAWINGS\522-801 Exterior Doors, Hatchs & Engine Room Access.pdf",OK,Drawing,Drawing,0.7774626146744268
C:\Users\ashu\Downloads\AdditionalDocuments\12m BeachLander\DRAWINGS\522-803 Deck Hardware - Layout.pdf,OK,Drawing,Drawing,0.7502927512079173
C:\Users\ashu\Downloads\AdditionalDocuments\12m BeachLander\DRAWINGS\522-804 Lifting Arrangement.pdf,UNKNOWN,UNKNOWN,Drawing,0.5333775282609504
C:\Users\ashu\Downloads\AdditionalDocuments\12m BeachLander\DRAWINGS\522-901 Engine Room Intake & Exhaust Air.pdf,UNKNOWN,UNKNOWN,Drawing,0.6683126768871012
C:\Users\ashu\Downloads\AdditionalDocuments\12m BeachLander\EQUIPMENT CUT-SHEETS & MANUALS\10 - Stern Drive\D4-320 cutsheet.pdf,UNKNOWN,UNKNOWN,Manual,0.3991128530625477
C:\Users\ashu\Downloads\AdditionalDocuments\12m BeachLander\EQUIPMENT CUT-SHEETS & MANUALS\100 - Electric Bilge Pump\RUL-PMP-.pdf,UNKNOWN,UNKNOWN,Datasheet,0.4377469557874724
C:\Users\ashu\Downloads\AdditionalDocuments\12m BeachLander\EQUIPMENT CUT-SHEETS & MANUALS\100 - Electric Bilge Pump\Rule Bilge Pump.pdf,UNKNOWN,UNKNOWN,Certificate,0.36379114982653815
C:\Users\ashu\Downloads\AdditionalDocuments\12m BeachLander\EQUIPMENT CUT-SHEETS & MANUALS\105 - Manual Bilge Pump\MBP_Urchin.pdf,UNKNOWN,UNKNOWN,Manual,0.38358090707566395
C:\Users\ashu\Downloads\AdditionalDocuments\12m BeachLander\EQUIPMENT CUT-SHEETS & MANUALS\105 - Manual Bilge Pump\Whale Gusher Urchin Datasheet.pdf,UNKNOWN,UNKNOWN,Manual,0.6953986971411177
C:\Users\ashu\Downloads\AdditionalDocuments\12m BeachLander\EQUIPMENT CUT-SHEETS & MANUALS\110 - Side Strainer\Whale Side Strainer.pdf,UNKNOWN,UNKNOWN,Datasheet,0.31710050475938356
C:\Users\ashu\Downloads\AdditionalDocuments\12m BeachLander\EQUIPMENT CUT-SHEETS & MANUALS\115 - Bilge Pump Switch high water alarm\Ultra Pump Switches.pdf,UNKNOWN,UNKNOWN,Manual,0.37265122255426464
C:\Users\ashu\Downloads\AdditionalDocuments\12m BeachLander\EQUIPMENT CUT-SHEETS & MANUALS\115 - Bilge Pump Switch high water alarm\Ultra-Bilge-Pumpswitch-Senior.pdf,UNKNOWN,UNKNOWN,Datasheet,0.5916336191112098
C:\Users\ashu\Downloads\AdditionalDocuments\12m BeachLander\EQUIPMENT CUT-SHEETS & MANUALS\115 - Bilge Pump Switch high water alarm\ultra-safety-systems-senior-ultr.pdf,UNKNOWN,UNKNOWN,Datasheet,0.4178495766804795
C:\Users\ashu\Downloads\AdditionalDocuments\12m BeachLander\EQUIPMENT CUT-SHEETS & MANUALS\120 - Sump Box Pump\Rule Pump cut-sheet.pdf,UNKNOWN,UNKNOWN,Datasheet,0.3735605285906061
C:\Users\ashu\Downloads\AdditionalDocuments\12m BeachLander\EQUIPMENT CUT-SHEETS & MANUALS\120 - Sump Box Pump\Rule Pump maual.pdf,UNKNOWN,UNKNOWN,Manual,0.5690092826087889
C:\Users\ashu\Downloads\AdditionalDocuments\12m BeachLander\EQUIPMENT CUT-SHEETS & MANUALS\125 - Sump Box Pump Switch\ULTRA Bilge Pumpswitch™.pdf,UNKNOWN,UNKNOWN,Certificate,0.35362283937180733
C:\Users\ashu\Downloads\AdditionalDocuments\12m BeachLander\EQUIPMENT CUT-SHEETS & MANUALS\130 - Fresh Water Tank\0445-530-301 FRESH WATER TANK Rev B.pdf,UNKNOWN,UNKNOWN,Drawing,0.5205306769688215
C:\Users\ashu\Downloads\AdditionalDocuments\12m BeachLander\EQUIPMENT CUT-SHEETS & MANUALS\135 - Fresh Water Pump\Shurflo Aqua King II Fresh Water Pump Manual.pdf,OK,Manual,Manual,0.7882895303247329
C:\Users\ashu\Downloads\AdditionalDocuments\12m BeachLander\EQUIPMENT CUT-SHEETS & MANUALS\135 - Fresh Water Pump\Shurflo Aqua King II Premium 4.0 Technical Data Sheet.pdf,UNKNOWN,UNKNOWN,Datasheet,0.40946837962863974
C:\Users\ashu\Downloads\AdditionalDocuments\12m BeachLander\EQUIPMENT CUT-SHEETS & MANUALS\140 - Fresh Water Tank Sender\Product_Data_Sheet_KUS.xlsx.pdf,UNKNOWN,UNKNOWN,Datasheet,0.3746172616282631
C:\Users\ashu\Downloads\AdditionalDocuments\12m BeachLander\EQUIPMENT CUT-SHEETS & MANUALS\145 - Fresh Water Fill Deck fitting\DECK FILLERS DATASHEET.pdf,UNKNOWN,UNKNOWN,Datasheet,0.4597975675325594
C:\Users\ashu\Downloads\AdditionalDocuments\12m BeachLander\EQUIPMENT CUT-SHEETS & MANUALS\145 - Fresh Water Fill Deck fitting\DF40X.dft.pdf,UNKNOWN,UNKNOWN,Drawing,0.4126623274452216
C:\Users\ashu\Downloads\AdditionalDocuments\12m BeachLander\EQUIPMENT CUT-SHEETS & MANUALS\145 - Fresh Water Fill Deck fitting\installation instruction deck fill.pdf,UNKNOWN,UNKNOWN,Datasheet,0.4429412242369811
C:\Users\ashu\Downloads\AdditionalDocuments\12m BeachLander\EQUIPMENT CUT-SHEETS & MANUALS\145 - Fresh Water Fill Deck fitting\manuntenzione_deck_filler.pdf,UNKNOWN,UNKNOWN,Datasheet,0.4384437621012742
C:\Users\ashu\Downloads\AdditionalDocuments\12m BeachLander\EQUIPMENT CUT-SHEETS & MANUALS\15 - Propeller\D4-320 cutsheet.pdf,UNKNOWN,UNKNOWN,Manual,0.3991128530625477
C:\Users\ashu\Downloads\AdditionalDocuments\12m BeachLander\EQUIPMENT CUT-SHEETS & MANUALS\150 - Fresh Water Tank Vent\Tank Vent cut-sheet.pdf,UNKNOWN,UNKNOWN,Datasheet,0.4514706729264345
C:\Users\ashu\Downloads\AdditionalDocuments\12m BeachLander\EQUIPMENT CUT-SHEETS & MANUALS\150 - Fresh Water Tank Vent\Tank Vent.pdf,UNKNOWN,UNKNOWN,Manual,0.5358828894169436
C:\Users\ashu\Downloads\AdditionalDocuments\12m BeachLander\EQUIPMENT CUT-SHEETS & MANUALS\155 - Washdown Quick Connect\Jabsco 31911-0000.pdf,UNKNOWN,UNKNOWN,Certificate,0.3928540956669375
C:\Users\ashu\Downloads\AdditionalDocuments\12m BeachLander\EQUIPMENT CUT-SHEETS & MANUALS\160 - Fresh Water Hose inlet\Stainless Steel Water Inlet Fitting _ Water Tank Inlet.pdf,UNKNOWN,UNKNOWN,Datasheet,0.38312249501850404
C:\Users\ashu\Downloads\AdditionalDocuments\12m BeachLander\EQUIPMENT CUT-SHEETS & MANUALS\165 - Black Water Tank\Vetus WWS4212B Cutsheet.pdf,UNKNOWN,UNKNOWN,Datasheet,0.39848258718741436
C:\Users\ashu\Downloads\AdditionalDocuments\12m BeachLander\EQUIPMENT CUT-SHEETS & MANUALS\165 - Black Water Tank\Vetus WWS4212B Manual.pdf,UNKNOWN,UNKNOWN,Manual,0.5890636749452021
C:\Users\ashu\Downloads\AdditionalDocuments\12m BeachLander\EQUIPMENT CUT-SHEETS & MANUALS\170- Black Water Tank Control Panel\Vetus WWCP Cutsheet.pdf,UNKNOWN,UNKNOWN,Datasheet,0.4230471771390558
C:\Users\ashu\Downloads\AdditionalDocuments\12m BeachLander\EQUIPMENT CUT-SHEETS & MANUALS\170- Black Water Tank Control Panel\Vetus WWCP Manual.pdf,UNKNOWN,UNKNOWN,Manual,0.3799761714362437
C:\Users\ashu\Downloads\AdditionalDocuments\12m BeachLander\EQUIPMENT CUT-SHEETS & MANUALS\175 - Toilet\Vetus WCPS12 (85098000).pdf,UNKNOWN,UNKNOWN,Datasheet,0.35332329712733596
C:\Users\ashu\Downloads\AdditionalDocuments\12m BeachLander\EQUIPMENT CUT-SHEETS & MANUALS\180 - Charcoal Vent Filet\Vetus NSF16S Cutsheet.pdf,UNKNOWN,UNKNOWN,Datasheet,0.4230471771390558
C:\Users\ashu\Downloads\AdditionalDocuments\12m BeachLander\EQUIPMENT CUT-SHEETS & MANUALS\180 - Charcoal Vent Filet\Vetus NSF16S.pdf,UNKNOWN,UNKNOWN,Datasheet,0.3147033651639346
C:\Users\ashu\Downloads\AdditionalDocuments\12m BeachLander\EQUIPMENT CUT-SHEETS & MANUALS\185 - Sink & Drain\Ambassador S26-1409-UM Instruction.pdf,UNKNOWN,UNKNOWN,Manual,0.7059094462534506
C:\Users\ashu\Downloads\AdditionalDocuments\12m BeachLander\EQUIPMENT CUT-SHEETS & MANUALS\185 - Sink & Drain\Ambassador S26-1409-UM Size.pdf,UNKNOWN,UNKNOWN,Datasheet,0.4911951918105608
C:\Users\ashu\Downloads\AdditionalDocuments\12m BeachLander\EQUIPMENT CUT-SHEETS & MANUALS\185 - Sink & Drain\Ambassador S26-1409-UM Spec.pdf,UNKNOWN,UNKNOWN,Drawing,0.4311554573925256
C:\Users\ashu\Downloads\AdditionalDocuments\12m BeachLander\EQUIPMENT CUT-SHEETS & MANUALS\186 - Deck Pump Out Fitting\DECK FILLER DRAWING.pdf,UNKNOWN,UNKNOWN,Drawing,0.4603234652713188
C:\Users\ashu\Downloads\AdditionalDocuments\12m BeachLander\EQUIPMENT CUT-SHEETS & MANUALS\186 - Deck Pump Out Fitting\DECK FILLER MAINTENACE.pdf,UNKNOWN,UNKNOWN,Datasheet,0.4384437621012742
C:\Users\ashu\Downloads\AdditionalDocuments\12m BeachLander\EQUIPMENT CUT-SHEETS & MANUALS\186 - Deck Pump Out Fitting\DECK FILLERS DATASHEET.pdf,UNKNOWN,UNKNOWN,Datasheet,0.4449398488310789
C:\Users\ashu\Downloads\AdditionalDocuments\12m BeachLander\EQUIPMENT CUT-SHEETS & MANUALS\186 - Deck Pump Out Fitting\DECK FILLERS INSTALL.pdf,UNKNOWN,UNKNOWN,Datasheet,0.45427088430917373
C:\Users\ashu\Downloads\AdditionalDocuments\12m BeachLander\EQUIPMENT CUT-SHEETS & MANUALS\187 - Black Water Tank Vent Hullside\ATTWOOD 66031-3 CUTSHEET.pdf,UNKNOWN,UNKNOWN,Manual,0.557995968081391
C:\Users\ashu\Downloads\AdditionalDocuments\12m BeachLander\EQUIPMENT CUT-SHEETS & MANUALS\190 - Livewell Pump\911_1036.rF.indd.pdf,OK,Manual,Manual,0.8548251803905393
C:\Users\ashu\Downloads\AdditionalDocuments\12m BeachLander\EQUIPMENT CUT-SHEETS & MANUALS\190 - Livewell Pump\Shurflo Pro Baitmaster II 4648-153-X07 Livewell Pump Data Sheet.pdf,UNKNOWN,UNKNOWN,Datasheet,0.3704224920429687
C:\Users\ashu\Downloads\AdditionalDocuments\12m BeachLander\EQUIPMENT CUT-SHEETS & MANUALS\190 - Livewell Pump\SKU Page _ Pentair.pdf,UNKNOWN,UNKNOWN,Datasheet,0.4293247476862444
C:\Users\ashu\Downloads\AdditionalDocuments\12m BeachLander\EQUIPMENT CUT-SHEETS & MANUALS\195 - Raw Water Strainer\arg_series_promo_sheet_3.pdf,UNKNOWN,UNKNOWN,Datasheet,0.5597388508855226
C:\Users\ashu\Downloads\AdditionalDocuments\12m BeachLander\EQUIPMENT CUT-SHEETS & MANUALS\195 - Raw Water Strainer\arg_service_sheet_7.pdf,UNKNOWN,UNKNOWN,Datasheet,0.35564961049270466
C:\Users\ashu\Downloads\AdditionalDocuments\12m BeachLander\EQUIPMENT CUT-SHEETS & MANUALS\20 - Bow Thruster\BOW PRO Series User Manual.pdf,UNKNOWN,UNKNOWN,Manual,0.6452392690470744
C:\Users\ashu\Downloads\AdditionalDocuments\12m BeachLander\EQUIPMENT CUT-SHEETS & MANUALS\20 - Bow Thruster\BOWA0761.pdf,UNKNOWN,UNKNOWN,Manual,0.7214542461253951
C:\Users\ashu\Downloads\AdditionalDocuments\12m BeachLander\EQUIPMENT CUT-SHEETS & MANUALS\20 - Bow Thruster\Maintenance and Warranty Manual.pdf,UNKNOWN,UNKNOWN,Manual,0.6266232395377623
C:\Users\ashu\Downloads\AdditionalDocuments\12m BeachLander\EQUIPMENT CUT-SHEETS & MANUALS\205 -T-Top Lift Actuators\LINAK LA36.pdf,UNKNOWN,UNKNOWN,Datasheet,0.504825321787017
C:\Users\ashu\Downloads\AdditionalDocuments\12m BeachLander\EQUIPMENT CUT-SHEETS & MANUALS\205 -T-Top Lift Actuators\techline-la36 actuator-user manual-eng.pdf,OK,Manual,Manual,0.9550094561481495
C:\Users\ashu\Downloads\AdditionalDocuments\12m BeachLander\EQUIPMENT CUT-SHEETS & MANUALS\220 - Moisture Eliminators - Demisters\MoistureEliminatorsRectangularSpecSheet2017.pdf,UNKNOWN,UNKNOWN,Datasheet,0.6994365146939943
C:\Users\ashu\Downloads\AdditionalDocuments\12m BeachLander\EQUIPMENT CUT-SHEETS & MANUALS\225 - Exhaust Fan\VA14-AP11_C-34S _ 7.5_S_12V _ SPAL Automotive USA.pdf,UNKNOWN,UNKNOWN,Datasheet,0.49339423197399607
C:\Users\ashu\Downloads\AdditionalDocuments\12m BeachLander\EQUIPMENT CUT-SHEETS & MANUALS\230 - ER Automatic Fire System\FD-FG Series Installation Manual.pdf,OK,Manual,Manual,0.938420172384145
C:\Users\ashu\Downloads\AdditionalDocuments\12m BeachLander\EQUIPMENT CUT-SHEETS & MANUALS\230 - ER Automatic Fire System\Sea-Fire Installation instructions.pdf,OK,Manual,Manual,0.9106370058272271
C:\Users\ashu\Downloads\AdditionalDocuments\12m BeachLander\EQUIPMENT CUT-SHEETS & MANUALS\230 - ER Automatic Fire System\Sea-Fire NFD-NFG Manual.pdf,UNKNOWN,UNKNOWN,Manual,0.6967135593760919
C:\Users\ashu\Downloads\AdditionalDocuments\12m BeachLander\EQUIPMENT CUT-SHEETS & MANUALS\230 - ER Automatic Fire System\Sea-Fire Support FG150M.pdf,UNKNOWN,UNKNOWN,Datasheet,0.4801109939419356
C:\Users\ashu\Downloads\AdditionalDocuments\12m BeachLander\EQUIPMENT CUT-SHEETS & MANUALS\235 - Engine Shut Down Panel\131-440 datasheet v1.0.pdf,UNKNOWN,UNKNOWN,Datasheet,0.5226815182529332
C:\Users\ashu\Downloads\AdditionalDocuments\12m BeachLander\EQUIPMENT CUT-SHEETS & MANUALS\235 - Engine Shut Down Panel\Sea-Fire Support.pdf,UNKNOWN,UNKNOWN,Datasheet,0.37218892344902677
C:\Users\ashu\Downloads\AdditionalDocuments\12m BeachLander\EQUIPMENT CUT-SHEETS & MANUALS\240 - Fire Suppression System Monitor & Engine shutdown control\131-467 Installation Instructions.pdf,UNKNOWN,UNKNOWN,Datasheet,0.3250776087593285
C:\Users\ashu\Downloads\AdditionalDocuments\12m BeachLander\EQUIPMENT CUT-SHEETS & MANUALS\240 - Fire Suppression System Monitor & Engine shutdown control\Sea-Fire Support.pdf,UNKNOWN,UNKNOWN,Datasheet,0.46911374628799785
C:\Users\ashu\Downloads\AdditionalDocuments\12m BeachLander\EQUIPMENT CUT-SHEETS & MANUALS\245 - AC Panel\360 Panel cut-sheet.pdf,UNKNOWN,UNKNOWN,Certificate,0.40881857965958274
C:\Users\ashu\Downloads\AdditionalDocuments\12m BeachLander\EQUIPMENT CUT-SHEETS & MANUALS\245 - AC Panel\http___panelwizard.bluesea.pdf,UNKNOWN,UNKNOWN,Datasheet,0.38866851725310697
C:\Users\ashu\Downloads\AdditionalDocuments\12m BeachLander\EQUIPMENT CUT-SHEETS & MANUALS\25 - Bow Thruster Joystick\BOWA joystick configuration.pdf,OK,Manual,Manual,0.8100152930365965
C:\Users\ashu\Downloads\AdditionalDocuments\12m BeachLander\EQUIPMENT CUT-SHEETS & MANUALS\250 - Galvanic Isolator Fail Safe\Guest Galvanic Isolator.pdf,UNKNOWN,UNKNOWN,Datasheet,0.3727239714775134
C:\Users\ashu\Downloads\AdditionalDocuments\12m BeachLander\EQUIPMENT CUT-SHEETS & MANUALS\255 - Guest Dynaplate\guest-dynaplate.pdf,UNKNOWN,UNKNOWN,Certificate,0.36292843905343003
C:\Users\ashu\Downloads\AdditionalDocuments\12m BeachLander\EQUIPMENT CUT-SHEETS & MANUALS\260 - Shore Powre Inlet\MP32-10 manual.pdf,UNKNOWN,UNKNOWN,Datasheet,0.4124999656384739
C:\Users\ashu\Downloads\AdditionalDocuments\12m BeachLander\EQUIPMENT CUT-SHEETS & MANUALS\260 - Shore Powre Inlet\MP32-10 shore power inlet.pdf,UNKNOWN,UNKNOWN,Datasheet,0.4925656580266046
C:\Users\ashu\Downloads\AdditionalDocuments\12m BeachLander\EQUIPMENT CUT-SHEETS & MANUALS\260 - Shore Powre Inlet\MP32-10 statement of conformity.pdf,UNKNOWN,UNKNOWN,Certificate,0.48349368865156334
C:\Users\ashu\Downloads\AdditionalDocuments\12m BeachLander\EQUIPMENT CUT-SHEETS & MANUALS\265 - Shore Power Cord\Shore Power Cord 2838 32A.pdf,UNKNOWN,UNKNOWN,Datasheet,0.5485869415283905
C:\Users\ashu\Downloads\AdditionalDocuments\12m BeachLander\EQUIPMENT CUT-SHEETS & MANUALS\266 - Inverter\Marinco_additional_Info.pdf,UNKNOWN,UNKNOWN,Manual,0.7423516671266512
C:\Users\ashu\Downloads\AdditionalDocuments\12m BeachLander\EQUIPMENT CUT-SHEETS & MANUALS\266 - Inverter\Marinco_Inverter_Manual.pdf,OK,Manual,Manual,0.9460987677410073
C:\Users\ashu\Downloads\AdditionalDocuments\12m BeachLander\EQUIPMENT CUT-SHEETS & MANUALS\270 - Battery - Service Bank\batteries Brochure.pdf,UNKNOWN,UNKNOWN,Manual,0.5022690756596022
C:\Users\ashu\Downloads\AdditionalDocuments\12m BeachLander\EQUIPMENT CUT-SHEETS & MANUALS\270 - Battery - Service Bank\Mastervolt AGM Battery Users Manual.pdf,UNKNOWN,UNKNOWN,Certificate,0.3175573028257138
C:\Users\ashu\Downloads\AdditionalDocuments\12m BeachLander\EQUIPMENT CUT-SHEETS & MANUALS\270 - Battery - Service Bank\MSDS.pdf,UNKNOWN,UNKNOWN,Certificate,0.557152944842038
C:\Users\ashu\Downloads\AdditionalDocuments\12m BeachLander\EQUIPMENT CUT-SHEETS & MANUALS\275 - Battery - Thruster\batteries Brochure.pdf,UNKNOWN,UNKNOWN,Manual,0.5022690756596022
C:\Users\ashu\Downloads\AdditionalDocuments\12m BeachLander\EQUIPMENT CUT-SHEETS & MANUALS\275 - Battery - Thruster\Mastervolt AGM Battery Users Manual.pdf,UNKNOWN,UNKNOWN,Certificate,0.3175573028257138
C:\Users\ashu\Downloads\AdditionalDocuments\12m BeachLander\EQUIPMENT CUT-SHEETS & MANUALS\275 - Battery - Thruster\MSDS.pdf,UNKNOWN,UNKNOWN,Certificate,0.557152944842038
C:\Users\ashu\Downloads\AdditionalDocuments\12m BeachLander\EQUIPMENT CUT-SHEETS & MANUALS\280 - Battery - Engine Start\NSB-AGM 24M cutsheet.pdf,UNKNOWN,UNKNOWN,Datasheet,0.6518185580284718
C:\Users\ashu\Downloads\AdditionalDocuments\12m BeachLander\EQUIPMENT CUT-SHEETS & MANUALS\285 - Battery Charger\Datasheet-Centaur-Charger-EN.pdf,UNKNOWN,UNKNOWN,Datasheet,0.42098358970917055
C:\Users\ashu\Downloads\AdditionalDocuments\12m BeachLander\EQUIPMENT CUT-SHEETS & MANUALS\285 - Battery Charger\Manual-Centaur-charger-EN-NL-FR-DE-IT.pdf,OK,Manual,Manual,0.7860867286256417
C:\Users\ashu\Downloads\AdditionalDocuments\12m BeachLander\EQUIPMENT CUT-SHEETS & MANUALS\290 - Remote Battery Switch\6834-007-ML-RBS-web.pdf,UNKNOWN,UNKNOWN,Manual,0.6334404861561854
C:\Users\ashu\Downloads\AdditionalDocuments\12m BeachLander\EQUIPMENT CUT-SHEETS & MANUALS\290 - Remote Battery Switch\980035670-001-7713100-7717100.pdf,OK,Manual,Manual,0.7987726810546121
C:\Users\ashu\Downloads\AdditionalDocuments\12m BeachLander\EQUIPMENT CUT-SHEETS & MANUALS\290 - Remote Battery Switch\ML-RBS Remote Battery Switch with Manual Control Auto-Release - 12V - Blue Sea Systems.pdf,UNKNOWN,UNKNOWN,Manual,0.6052587064207782
C:\Users\ashu\Downloads\AdditionalDocuments\12m BeachLander\EQUIPMENT CUT-SHEETS & MANUALS\295 - 12V Outlet\Dash Socket 12V DC with Watertight Cap - Blue Sea Systems.pdf,UNKNOWN,UNKNOWN,Datasheet,0.4178881814871649
C:\Users\ashu\Downloads\AdditionalDocuments\12m BeachLander\EQUIPMENT CUT-SHEETS & MANUALS\30 - Trim Tabs\1010130-zipwake product_specification.pdf,OK,Manual,Manual,0.9452985163420936
C:\Users\ashu\Downloads\AdditionalDocuments\12m BeachLander\EQUIPMENT CUT-SHEETS & MANUALS\30 - Trim Tabs\1010134-outline_of_operating_principles.pdf,UNKNOWN,UNKNOWN,Manual,0.7320782000391713
C:\Users\ashu\Downloads\AdditionalDocuments\12m BeachLander\EQUIPMENT CUT-SHEETS & MANUALS\30 - Trim Tabs\2011297-zipwake_series_s_installation_guide.pdf,OK,Manual,Manual,0.8793230700339774
C:\Users\ashu\Downloads\AdditionalDocuments\12m BeachLander\EQUIPMENT CUT-SHEETS & MANUALS\30 - Trim Tabs\2011298-zipwake_series_s_operators_manual.pdf,OK,Manual,Manual,0.9876983104645306
C:\Users\ashu\Downloads\AdditionalDocuments\12m BeachLander\EQUIPMENT CUT-SHEETS & MANUALS\30 - Trim Tabs\2011302-zipwake_series_s_operators_quick_guide.pdf,UNKNOWN,UNKNOWN,Datasheet,0.5005110763698973
C:\Users\ashu\Downloads\AdditionalDocuments\12m BeachLander\EQUIPMENT CUT-SHEETS & MANUALS\30 - Trim Tabs\series-s-operators-startup-checklist.pdf,UNKNOWN,UNKNOWN,Datasheet,0.4447207261042552
C:\Users\ashu\Downloads\AdditionalDocuments\12m BeachLander\EQUIPMENT CUT-SHEETS & MANUALS\300 - USB Outlet\SC-MULTI-F2 USB-A _ USB-C & 12V Power Socket.pdf,UNKNOWN,UNKNOWN,Drawing,0.31721446141738147
C:\Users\ashu\Downloads\AdditionalDocuments\12m BeachLander\EQUIPMENT CUT-SHEETS & MANUALS\310 - C-Zone COI\CZoneCOIManualv1.2.pdf,OK,Manual,Manual,0.9672569633531706
C:\Users\ashu\Downloads\AdditionalDocuments\12m BeachLander\EQUIPMENT CUT-SHEETS & MANUALS\310 - C-Zone COI\DATASHEET_CZone_COI_1FEB17.pdf,UNKNOWN,UNKNOWN,Manual,0.6515422548898606
C:\Users\ashu\Downloads\AdditionalDocuments\12m BeachLander\EQUIPMENT CUT-SHEETS & MANUALS\310 - C-Zone COI\DATASHEET_CZone_COI_DSB_Layout_1FEB17.pdf,UNKNOWN,UNKNOWN,Datasheet,0.5297395766967353
C:\Users\ashu\Downloads\AdditionalDocuments\12m BeachLander\EQUIPMENT CUT-SHEETS & MANUALS\315 - CZone digital switch breakout\Digital Switch breakout cut-sheet.pdf,UNKNOWN,UNKNOWN,Datasheet,0.37898057290030274
C:\Users\ashu\Downloads\AdditionalDocuments\12m BeachLander\EQUIPMENT CUT-SHEETS & MANUALS\320 - CZone Output interface\80-911-0007-00_TCHDAT.pdf,UNKNOWN,UNKNOWN,Manual,0.7190903735962557
C:\Users\ashu\Downloads\AdditionalDocuments\12m BeachLander\EQUIPMENT CUT-SHEETS & MANUALS\320 - CZone Output interface\CZone Output Interface (OI).pdf,UNKNOWN,UNKNOWN,Manual,0.42820929103246436
C:\Users\ashu\Downloads\AdditionalDocuments\12m BeachLander\EQUIPMENT CUT-SHEETS & MANUALS\330 - Zinc Anodes (transom)\DP-Mini.pdf,UNKNOWN,UNKNOWN,Datasheet,0.6854979797024637
C:\Users\ashu\Downloads\AdditionalDocuments\12m BeachLander\EQUIPMENT CUT-SHEETS & MANUALS\335 - Docking Lights forward\H-2219 cut-sheet.pdf,UNKNOWN,UNKNOWN,Datasheet,0.4064973400995076
C:\Users\ashu\Downloads\AdditionalDocuments\12m BeachLander\EQUIPMENT CUT-SHEETS & MANUALS\335 - Docking Lights forward\H-2219 instruction manual.pdf,OK,Manual,Manual,0.8738958648328642
C:\Users\ashu\Downloads\AdditionalDocuments\12m BeachLander\EQUIPMENT CUT-SHEETS & MANUALS\335 - Docking Lights forward\synchronization.pdf,UNKNOWN,UNKNOWN,Datasheet,0.4217591774818769
C:\Users\ashu\Downloads\AdditionalDocuments\12m BeachLander\EQUIPMENT CUT-SHEETS & MANUALS\340 - Docking Lights Aft\H-2219 cut-sheet.pdf,UNKNOWN,UNKNOWN,Datasheet,0.4064973400995076
C:\Users\ashu\Downloads\AdditionalDocuments\12m BeachLander\EQUIPMENT CUT-SHEETS & MANUALS\340 - Docking Lights Aft\H-2219 instruction manual.pdf,OK,Manual,Manual,0.8738958648328642
C:\Users\ashu\Downloads\AdditionalDocuments\12m BeachLander\EQUIPMENT CUT-SHEETS & MANUALS\340 - Docking Lights Aft\synchronization.pdf,UNKNOWN,UNKNOWN,Datasheet,0.4217591774818769
C:\Users\ashu\Downloads\AdditionalDocuments\12m BeachLander\EQUIPMENT CUT-SHEETS & MANUALS\345 - Side Lights\2023 TACO Marine F38-6610G Spec Sheet V1.pdf,UNKNOWN,UNKNOWN,Certificate,0.33548450225543475
C:\Users\ashu\Downloads\AdditionalDocuments\12m BeachLander\EQUIPMENT CUT-SHEETS & MANUALS\35 - Steering Wheel\Edson Marine_ Stainless Steel ComfortGrip PowerWheel.pdf,UNKNOWN,UNKNOWN,Datasheet,0.39672494453473667
C:\Users\ashu\Downloads\AdditionalDocuments\12m BeachLander\EQUIPMENT CUT-SHEETS & MANUALS\350 - Anchor steaming Light\M10 drawing.pdf,UNKNOWN,UNKNOWN,Datasheet,0.6539977333747364
C:\Users\ashu\Downloads\AdditionalDocuments\12m BeachLander\EQUIPMENT CUT-SHEETS & MANUALS\350 - Anchor steaming Light\M10 installation.pdf,UNKNOWN,UNKNOWN,Datasheet,0.6797321433258767
C:\Users\ashu\Downloads\AdditionalDocuments\12m BeachLander\EQUIPMENT CUT-SHEETS & MANUALS\350 - Anchor steaming Light\TecNiq cut-sheet.pdf,UNKNOWN,UNKNOWN,Datasheet,0.5544668168407466
C:\Users\ashu\Downloads\AdditionalDocuments\12m BeachLander\EQUIPMENT CUT-SHEETS & MANUALS\355 - Head Vanity\HV1007MR11NW_HV1027MR11NW_Spec_Sheet.pdf,UNKNOWN,UNKNOWN,Drawing,0.3657399144566948
C:\Users\ashu\Downloads\AdditionalDocuments\12m BeachLander\EQUIPMENT CUT-SHEETS & MANUALS\355 - Head Vanity\HV10X7MR11NW_Installation_Instructions_JAN21.pdf,UNKNOWN,UNKNOWN,Datasheet,0.4372344936487309
C:\Users\ashu\Downloads\AdditionalDocuments\12m BeachLander\EQUIPMENT CUT-SHEETS & MANUALS\360 - Underwater lights - Transom\SV55_RGBW.pdf,OK,Manual,Manual,0.786322842538654
C:\Users\ashu\Downloads\AdditionalDocuments\12m BeachLander\EQUIPMENT CUT-SHEETS & MANUALS\362- Underwater lights- running surface\SV19 Cutsheet.pdf,UNKNOWN,UNKNOWN,Datasheet,0.4277141294268337
C:\Users\ashu\Downloads\AdditionalDocuments\12m BeachLander\EQUIPMENT CUT-SHEETS & MANUALS\362- Underwater lights- running surface\SV19 manual.pdf,UNKNOWN,UNKNOWN,Manual,0.4857197912626398
C:\Users\ashu\Downloads\AdditionalDocuments\12m BeachLander\EQUIPMENT CUT-SHEETS & MANUALS\365 - LED Courtsey Lights\Courtesy Light Cut-Sheet.pdf,UNKNOWN,UNKNOWN,Datasheet,0.5885510636356603
C:\Users\ashu\Downloads\AdditionalDocuments\12m BeachLander\EQUIPMENT CUT-SHEETS & MANUALS\370- T-top down light\malibu-60a.pdf,UNKNOWN,UNKNOWN,Datasheet,0.4390295585461726
C:\Users\ashu\Downloads\AdditionalDocuments\12m BeachLander\EQUIPMENT CUT-SHEETS & MANUALS\371 - T-Top Floodlight Aft\101720 - Capri3 Flush Mount LED Flood Light - Spectrum.pdf,UNKNOWN,UNKNOWN,Datasheet,0.46738495649613393
C:\Users\ashu\Downloads\AdditionalDocuments\12m BeachLander\EQUIPMENT CUT-SHEETS & MANUALS\372 - T-Top Floodlight Fwd\600732_A-Razor-Mounting-Instructions.pdf,UNKNOWN,UNKNOWN,Manual,0.6089103265616618
C:\Users\ashu\Downloads\AdditionalDocuments\12m BeachLander\EQUIPMENT CUT-SHEETS & MANUALS\372 - T-Top Floodlight Fwd\Lumitec 101586.pdf,UNKNOWN,UNKNOWN,Datasheet,0.3953683507363192
C:\Users\ashu\Downloads\AdditionalDocuments\12m BeachLander\EQUIPMENT CUT-SHEETS & MANUALS\375- Bulwark door -Flag pole light\detroit-20.pdf,UNKNOWN,UNKNOWN,Datasheet,0.44067191764070485
C:\Users\ashu\Downloads\AdditionalDocuments\12m BeachLander\EQUIPMENT CUT-SHEETS & MANUALS\380- Searchlight - handheld\West Marine Spotlight.pdf,UNKNOWN,UNKNOWN,Certificate,0.4239400455859172
C:\Users\ashu\Downloads\AdditionalDocuments\12m BeachLander\EQUIPMENT CUT-SHEETS & MANUALS\381 - Searchlight fixed\Marinco 230501A.pdf,OK,Manual,Manual,0.9371758304040624
C:\Users\ashu\Downloads\AdditionalDocuments\12m BeachLander\EQUIPMENT CUT-SHEETS & MANUALS\395 - ER Lights\F-28 Utility Light.PDF.pdf,UNKNOWN,UNKNOWN,Datasheet,0.44905198319758055
C:\Users\ashu\Downloads\AdditionalDocuments\12m BeachLander\EQUIPMENT CUT-SHEETS & MANUALS\40 - Throttle Unit\Controls and Joysticks for Aquamatic Sterndrive.pdf,UNKNOWN,UNKNOWN,Datasheet,0.4550823090792177
C:\Users\ashu\Downloads\AdditionalDocuments\12m BeachLander\EQUIPMENT CUT-SHEETS & MANUALS\400 - Helm Display\Garmin 8610 cut-sheet.pdf,UNKNOWN,UNKNOWN,Manual,0.5237264644466549
C:\Users\ashu\Downloads\AdditionalDocuments\12m BeachLander\EQUIPMENT CUT-SHEETS & MANUALS\400 - Helm Display\Garmin 8610 installation instructions.pdf,UNKNOWN,UNKNOWN,Manual,0.6332113337811296
C:\Users\ashu\Downloads\AdditionalDocuments\12m BeachLander\EQUIPMENT CUT-SHEETS & MANUALS\400 - Helm Display\Garmin 8610 Owner's Manual.pdf,OK,Manual,Manual,0.805281965561518
C:\Users\ashu\Downloads\AdditionalDocuments\12m BeachLander\EQUIPMENT CUT-SHEETS & MANUALS\400 - Helm Display\Technical Reference for Garmin.pdf,UNKNOWN,UNKNOWN,Manual,0.6978861129442333
C:\Users\ashu\Downloads\AdditionalDocuments\12m BeachLander\EQUIPMENT CUT-SHEETS & MANUALS\405 - Helm Display remote\GRID™_ 20 Installation Instructions.pdf,OK,Manual,Manual,0.8917388607170793
C:\Users\ashu\Downloads\AdditionalDocuments\12m BeachLander\EQUIPMENT CUT-SHEETS & MANUALS\41- Key Fob\Rfsolututions Key Fob.pdf,UNKNOWN,UNKNOWN,Manual,0.6816968712496407
C:\Users\ashu\Downloads\AdditionalDocuments\12m BeachLander\EQUIPMENT CUT-SHEETS & MANUALS\410 - Transducer\17-435-01.pdf,OK,Manual,Manual,0.8008328579644411
C:\Users\ashu\Downloads\AdditionalDocuments\12m BeachLander\EQUIPMENT CUT-SHEETS & MANUALS\410 - Transducer\dst800.pdf,UNKNOWN,UNKNOWN,Datasheet,0.3586660702167792
C:\Users\ashu\Downloads\AdditionalDocuments\12m BeachLander\EQUIPMENT CUT-SHEETS & MANUALS\415 - VHF\Important Safety and Product Information Important Safety and Product Information.pdf,UNKNOWN,UNKNOWN,Manual,0.6989502741246748
C:\Users\ashu\Downloads\AdditionalDocuments\12m BeachLander\EQUIPMENT CUT-SHEETS & MANUALS\415 - VHF\VHF 315 Series Installation Instructions.pdf,OK,Manual,Manual,0.9237772689813636
C:\Users\ashu\Downloads\AdditionalDocuments\12m BeachLander\EQUIPMENT CUT-SHEETS & MANUALS\415 - VHF\VHF 315 Series Owner’s Manual.pdf,OK,Manual,Manual,0.9347870970692327
C:\Users\ashu\Downloads\AdditionalDocuments\12m BeachLander\EQUIPMENT CUT-SHEETS & MANUALS\420 - VHF Command Mic\GHS™_ 11 Installation Instructions.pdf,UNKNOWN,UNKNOWN,Manual,0.5714953317614919
C:\Users\ashu\Downloads\AdditionalDocuments\12m BeachLander\EQUIPMENT CUT-SHEETS & MANUALS\425 - VHF Antenna\CLASSIC 5250-AIS.pdf,UNKNOWN,UNKNOWN,Datasheet,0.3946362952805227
C:\Users\ashu\Downloads\AdditionalDocuments\12m BeachLander\EQUIPMENT CUT-SHEETS & MANUALS\430 - Compass\Ritchie Install Template.pdf,UNKNOWN,UNKNOWN,Datasheet,0.5935852242028821
C:\Users\ashu\Downloads\AdditionalDocuments\12m BeachLander\EQUIPMENT CUT-SHEETS & MANUALS\430 - Compass\Ritchie Manual.pdf,UNKNOWN,UNKNOWN,Manual,0.4202910436814611
"C:\Users\ashu\Downloads\AdditionalDocuments\12m BeachLander\EQUIPMENT CUT-SHEETS & MANUALS\430 - Compass\SuperSport Helmsman (SS-1002, SS-1002W) - Ritchie Navigation.pdf",UNKNOWN,UNKNOWN,Manual,0.6067725288023401
C:\Users\ashu\Downloads\AdditionalDocuments\12m BeachLander\EQUIPMENT CUT-SHEETS & MANUALS\435 - AIS\AIS 800 Installation Instructions.pdf,OK,Manual,Manual,0.9559459550869405
C:\Users\ashu\Downloads\AdditionalDocuments\12m BeachLander\EQUIPMENT CUT-SHEETS & MANUALS\435 - AIS\Garmin AIS™ 800 Blackbox Transceiver _ Built-in GPS.pdf,UNKNOWN,UNKNOWN,Datasheet,0.4722255443265009
C:\Users\ashu\Downloads\AdditionalDocuments\12m BeachLander\EQUIPMENT CUT-SHEETS & MANUALS\435 - AIS\Tech_Ref_for_Garmin_NMEA2k_EN.pdf,OK,Manual,Manual,0.9581947903071759
C:\Users\ashu\Downloads\AdditionalDocuments\12m BeachLander\EQUIPMENT CUT-SHEETS & MANUALS\440 - Fusion Head Unit\Fusion_WB675_Install_EN-US.pdf,OK,Manual,Manual,0.948385328871517
C:\Users\ashu\Downloads\AdditionalDocuments\12m BeachLander\EQUIPMENT CUT-SHEETS & MANUALS\440 - Fusion Head Unit\Important safety and product info.pdf,UNKNOWN,UNKNOWN,Manual,0.7274166989486678
C:\Users\ashu\Downloads\AdditionalDocuments\12m BeachLander\EQUIPMENT CUT-SHEETS & MANUALS\440 - Fusion Head Unit\MS-WB675 Manual.pdf,OK,Manual,Manual,0.9888378643299183
C:\Users\ashu\Downloads\AdditionalDocuments\12m BeachLander\EQUIPMENT CUT-SHEETS & MANUALS\445 - Speakers - interior\M6_650X_770X_880X_LED_MAN.pdf,UNKNOWN,UNKNOWN,Drawing,0.3069439860987997
C:\Users\ashu\Downloads\AdditionalDocuments\12m BeachLander\EQUIPMENT CUT-SHEETS & MANUALS\446- Subwoofer\M6-8IB-C-GwGw-4 - Marine Audio - Subwoofer Drivers - M6 - Infinite Baffle Subwoofers – JL Audio.pdf,UNKNOWN,UNKNOWN,Datasheet,0.3883559964472926
C:\Users\ashu\Downloads\AdditionalDocuments\12m BeachLander\EQUIPMENT CUT-SHEETS & MANUALS\446- Subwoofer\M6_8IB_MAN.pdf,UNKNOWN,UNKNOWN,Drawing,0.2922093338621334
C:\Users\ashu\Downloads\AdditionalDocuments\12m BeachLander\EQUIPMENT CUT-SHEETS & MANUALS\45 - Anchor\0445-580-330 Anchor System Components Rev A.pdf,UNKNOWN,UNKNOWN,Drawing,0.5355806076168875
C:\Users\ashu\Downloads\AdditionalDocuments\12m BeachLander\EQUIPMENT CUT-SHEETS & MANUALS\450 - Amplifier\101720 - Capri3 Flush Mount LED Flood Light - Spectrum.pdf,UNKNOWN,UNKNOWN,Datasheet,0.46738495649613393
C:\Users\ashu\Downloads\AdditionalDocuments\12m BeachLander\EQUIPMENT CUT-SHEETS & MANUALS\450 - Amplifier\M7005_MAN.pdf,UNKNOWN,UNKNOWN,Certificate,0.35304442202649844
C:\Users\ashu\Downloads\AdditionalDocuments\12m BeachLander\EQUIPMENT CUT-SHEETS & MANUALS\455 - AM-FM Antenna\Jensen AN150SR AM_FM Antenna.pdf,OK,Manual,Manual,0.870234919332481
"C:\Users\ashu\Downloads\AdditionalDocuments\12m BeachLander\EQUIPMENT CUT-SHEETS & MANUALS\460 - USB & 3.5mm Audio Jack\MS-CBUSB3.5, Fusion, USB + 3.5mm.pdf",UNKNOWN,UNKNOWN,Manual,0.5090196215611982
C:\Users\ashu\Downloads\AdditionalDocuments\12m BeachLander\EQUIPMENT CUT-SHEETS & MANUALS\465 - Windshield\522-802 Windshield - Layout & Details.pdf,UNKNOWN,UNKNOWN,Drawing,0.7301317899635755
C:\Users\ashu\Downloads\AdditionalDocuments\12m BeachLander\EQUIPMENT CUT-SHEETS & MANUALS\470 - Cleats\Cleat installation manual.pdf,UNKNOWN,UNKNOWN,Datasheet,0.6168592845349637
C:\Users\ashu\Downloads\AdditionalDocuments\12m BeachLander\EQUIPMENT CUT-SHEETS & MANUALS\470 - Cleats\maintenance.pdf,UNKNOWN,UNKNOWN,Datasheet,0.6410533697031368
C:\Users\ashu\Downloads\AdditionalDocuments\12m BeachLander\EQUIPMENT CUT-SHEETS & MANUALS\470 - Cleats\pdf drawing.pdf,UNKNOWN,UNKNOWN,Datasheet,0.5022849605106867
C:\Users\ashu\Downloads\AdditionalDocuments\12m BeachLander\EQUIPMENT CUT-SHEETS & MANUALS\470 - Cleats\Seasmart cleat catelog.pdf,UNKNOWN,UNKNOWN,Datasheet,0.5829548316674759
C:\Users\ashu\Downloads\AdditionalDocuments\12m BeachLander\EQUIPMENT CUT-SHEETS & MANUALS\475 - Fender Cleats\fender cleat.pdf,UNKNOWN,UNKNOWN,Datasheet,0.46639000270407777
C:\Users\ashu\Downloads\AdditionalDocuments\12m BeachLander\EQUIPMENT CUT-SHEETS & MANUALS\475 - Fender Cleats\SL10_range.pdf,UNKNOWN,UNKNOWN,Datasheet,0.5687392913052833
C:\Users\ashu\Downloads\AdditionalDocuments\12m BeachLander\EQUIPMENT CUT-SHEETS & MANUALS\475 - Fender Cleats\smartlock_techsheet.pdf,UNKNOWN,UNKNOWN,Datasheet,0.5078007169153591
C:\Users\ashu\Downloads\AdditionalDocuments\12m BeachLander\EQUIPMENT CUT-SHEETS & MANUALS\480 - Ubolt tie down\Harken Pad Eye.pdf,UNKNOWN,UNKNOWN,Datasheet,0.5937074163153768
C:\Users\ashu\Downloads\AdditionalDocuments\12m BeachLander\EQUIPMENT CUT-SHEETS & MANUALS\485 - Lifting point Fittings\0445-034-230 Lifting Straps Rev A.pdf,UNKNOWN,UNKNOWN,Drawing,0.493929383206962
C:\Users\ashu\Downloads\AdditionalDocuments\12m BeachLander\EQUIPMENT CUT-SHEETS & MANUALS\486 - Lifting Point Slings\Yale-Cordage-Data-Sheet-LOUPS-Sling-1.pdf,UNKNOWN,UNKNOWN,Certificate,0.44383900536248566
C:\Users\ashu\Downloads\AdditionalDocuments\12m BeachLander\EQUIPMENT CUT-SHEETS & MANUALS\487 - Lifting Shackle\Part #11249.pdf,UNKNOWN,UNKNOWN,Datasheet,0.384184159491042
C:\Users\ashu\Downloads\AdditionalDocuments\12m BeachLander\EQUIPMENT CUT-SHEETS & MANUALS\490 - Rub Rail\bino65-Model.pdf,UNKNOWN,UNKNOWN,Datasheet,0.5943382405942202
C:\Users\ashu\Downloads\AdditionalDocuments\12m BeachLander\EQUIPMENT CUT-SHEETS & MANUALS\490 - Rub Rail\BINO_instructions_EN.pdf,UNKNOWN,UNKNOWN,Datasheet,0.4315374012411881
C:\Users\ashu\Downloads\AdditionalDocuments\12m BeachLander\EQUIPMENT CUT-SHEETS & MANUALS\5 - Main Engine\47711843.pdf,UNKNOWN,UNKNOWN,Manual,0.5320156519312742
C:\Users\ashu\Downloads\AdditionalDocuments\12m BeachLander\EQUIPMENT CUT-SHEETS & MANUALS\5 - Main Engine\Cert_NVPXN05.5DCC-007.pdf,UNKNOWN,UNKNOWN,Certificate,0.6391333394042956
C:\Users\ashu\Downloads\AdditionalDocuments\12m BeachLander\EQUIPMENT CUT-SHEETS & MANUALS\5 - Main Engine\D4 D6 Operators Manual 47712786.pdf,OK,Manual,Manual,0.9482713895211673
C:\Users\ashu\Downloads\AdditionalDocuments\12m BeachLander\EQUIPMENT CUT-SHEETS & MANUALS\5 - Main Engine\DPI Workshop Manual 47711666.pdf,OK,Manual,Manual,0.9367254224883189
C:\Users\ashu\Downloads\AdditionalDocuments\12m BeachLander\EQUIPMENT CUT-SHEETS & MANUALS\5 - Main Engine\EVC 2.0 Cal and setting 47712078.pdf,OK,Manual,Manual,0.9703734048630568
C:\Users\ashu\Downloads\AdditionalDocuments\12m BeachLander\EQUIPMENT CUT-SHEETS & MANUALS\5 - Main Engine\EVC 2.0 Install Manual 47713670.pdf,OK,Manual,Manual,0.952196999370728
C:\Users\ashu\Downloads\AdditionalDocuments\12m BeachLander\EQUIPMENT CUT-SHEETS & MANUALS\50 - Anchor Launcher\0445-580-330 Anchor System Components Rev A.pdf,UNKNOWN,UNKNOWN,Drawing,0.5355806076168875
C:\Users\ashu\Downloads\AdditionalDocuments\12m BeachLander\EQUIPMENT CUT-SHEETS & MANUALS\500 - Boarding Stanchions\0445-670-210 HAND RAIL LAYOUT REV C.pdf,OK,Drawing,Drawing,0.7728362947222558
C:\Users\ashu\Downloads\AdditionalDocuments\12m BeachLander\EQUIPMENT CUT-SHEETS & MANUALS\505 - Boarding Sockets\0445-670-210 HAND RAIL LAYOUT REV C.pdf,OK,Drawing,Drawing,0.7728362947222558
C:\Users\ashu\Downloads\AdditionalDocuments\12m BeachLander\EQUIPMENT CUT-SHEETS & MANUALS\510-520 - Grab Rails\0445-670-210 HAND RAIL LAYOUT REV C.pdf,OK,Drawing,Drawing,0.7728362947222558
C:\Users\ashu\Downloads\AdditionalDocuments\12m BeachLander\EQUIPMENT CUT-SHEETS & MANUALS\540 - Sun Awning Socket  &  Poles\Seasmart-AW4016.pdf,UNKNOWN,UNKNOWN,Datasheet,0.41876888937863116
C:\Users\ashu\Downloads\AdditionalDocuments\12m BeachLander\EQUIPMENT CUT-SHEETS & MANUALS\540 - Sun Awning Socket  &  Poles\Seasmart-AWB40x.pdf,UNKNOWN,UNKNOWN,Datasheet,0.41396639610544184
C:\Users\ashu\Downloads\AdditionalDocuments\12m BeachLander\EQUIPMENT CUT-SHEETS & MANUALS\540 - Sun Awning Socket  &  Poles\USER GUIDE - AW.pdf,UNKNOWN,UNKNOWN,Datasheet,0.5365633460271885
C:\Users\ashu\Downloads\AdditionalDocuments\12m BeachLander\EQUIPMENT CUT-SHEETS & MANUALS\545 - Sun Awning Clips\AWNING SYSTEM DATASHEET.pdf,UNKNOWN,UNKNOWN,Datasheet,0.4665148649106539
C:\Users\ashu\Downloads\AdditionalDocuments\12m BeachLander\EQUIPMENT CUT-SHEETS & MANUALS\545 - Sun Awning Clips\Seasmart-AW40 BR.pdf,UNKNOWN,UNKNOWN,Datasheet,0.4148167575828719
C:\Users\ashu\Downloads\AdditionalDocuments\12m BeachLander\EQUIPMENT CUT-SHEETS & MANUALS\55 - Windlass\Lewmar Windlass.pdf,UNKNOWN,UNKNOWN,Datasheet,0.6513067357784784
C:\Users\ashu\Downloads\AdditionalDocuments\12m BeachLander\EQUIPMENT CUT-SHEETS & MANUALS\55 - Windlass\ProductDatasheet45.pdf,UNKNOWN,UNKNOWN,Datasheet,0.4168451813292923
C:\Users\ashu\Downloads\AdditionalDocuments\12m BeachLander\EQUIPMENT CUT-SHEETS & MANUALS\55 - Windlass\Windlass Manual.pdf,UNKNOWN,UNKNOWN,Manual,0.68360659694059
C:\Users\ashu\Downloads\AdditionalDocuments\12m BeachLander\EQUIPMENT CUT-SHEETS & MANUALS\550 - Rod holders\MateSeriesBrochure-6.5.18.pdf,UNKNOWN,UNKNOWN,Datasheet,0.4812305008428611
C:\Users\ashu\Downloads\AdditionalDocuments\12m BeachLander\EQUIPMENT CUT-SHEETS & MANUALS\56 - Windlass Remote\Manual-T2399 Lewmar Wireless Issue 1 WEB.pdf,UNKNOWN,UNKNOWN,Manual,0.6890976401396439
C:\Users\ashu\Downloads\AdditionalDocuments\12m BeachLander\EQUIPMENT CUT-SHEETS & MANUALS\560- Rocket Launcher\0445-670-341 T-Top Rocket Launcher Rev B.pdf,UNKNOWN,UNKNOWN,Drawing,0.47914452601521146
C:\Users\ashu\Downloads\AdditionalDocuments\12m BeachLander\EQUIPMENT CUT-SHEETS & MANUALS\570 - Boat Hook\Boat Hook.pdf,UNKNOWN,UNKNOWN,Certificate,0.4206755527026995
C:\Users\ashu\Downloads\AdditionalDocuments\12m BeachLander\EQUIPMENT CUT-SHEETS & MANUALS\575 - Fire Extinguisher\commercial_marine_catalog.pdf,UNKNOWN,UNKNOWN,Manual,0.3742658585941507
C:\Users\ashu\Downloads\AdditionalDocuments\12m BeachLander\EQUIPMENT CUT-SHEETS & MANUALS\575 - Fire Extinguisher\SecStart.pdf,UNKNOWN,UNKNOWN,Manual,0.6692802979653665
C:\Users\ashu\Downloads\AdditionalDocuments\12m BeachLander\EQUIPMENT CUT-SHEETS & MANUALS\575 - Fire Extinguisher\User-Guide-Kidde-Dry-ChemicalF.pdf,UNKNOWN,UNKNOWN,Manual,0.5678776309384229
C:\Users\ashu\Downloads\AdditionalDocuments\12m BeachLander\EQUIPMENT CUT-SHEETS & MANUALS\580 - Reboarding Ladder\Ladder Series 2203.pdf,UNKNOWN,UNKNOWN,Datasheet,0.5517521092091906
C:\Users\ashu\Downloads\AdditionalDocuments\12m BeachLander\EQUIPMENT CUT-SHEETS & MANUALS\585 - Horn\drawing_-_model_k-460_chrome.pdf,UNKNOWN,UNKNOWN,Datasheet,0.5666062739173825
C:\Users\ashu\Downloads\AdditionalDocuments\12m BeachLander\EQUIPMENT CUT-SHEETS & MANUALS\585 - Horn\k-460_brochure.pdf,UNKNOWN,UNKNOWN,Datasheet,0.3881227893222636
C:\Users\ashu\Downloads\AdditionalDocuments\12m BeachLander\EQUIPMENT CUT-SHEETS & MANUALS\590 - Shipping Cradle\0437-700-301 Shipping Cradle Rev A.pdf,UNKNOWN,UNKNOWN,Drawing,0.5489742196520349
C:\Users\ashu\Downloads\AdditionalDocuments\12m BeachLander\EQUIPMENT CUT-SHEETS & MANUALS\60 - Anchor Chain\Suncor Stainless Chain - Cut-sheet.pdf,UNKNOWN,UNKNOWN,Datasheet,0.6058931700114291
C:\Users\ashu\Downloads\AdditionalDocuments\12m BeachLander\EQUIPMENT CUT-SHEETS & MANUALS\65 - White Nylon Braid\Yale Nylon Rope - cut-sheet.pdf,UNKNOWN,UNKNOWN,Datasheet,0.5337334703959836
C:\Users\ashu\Downloads\AdditionalDocuments\12m BeachLander\EQUIPMENT CUT-SHEETS & MANUALS\70 - Fuel Tank\0445-530-110 Fuel Tank REV A.pdf,OK,Drawing,Drawing,0.7840335160742322
C:\Users\ashu\Downloads\AdditionalDocuments\12m BeachLander\EQUIPMENT CUT-SHEETS & MANUALS\70 - Fuel Tank\HDY-136 CE CERT .pdf,UNKNOWN,UNKNOWN,Certificate,0.5518979595271544
C:\Users\ashu\Downloads\AdditionalDocuments\12m BeachLander\EQUIPMENT CUT-SHEETS & MANUALS\75 - Fuel Filters - Main Engine\75500MAX10[1].pdf,UNKNOWN,UNKNOWN,Datasheet,0.4514564281629627
C:\Users\ashu\Downloads\AdditionalDocuments\12m BeachLander\EQUIPMENT CUT-SHEETS & MANUALS\75 - Fuel Filters - Main Engine\Fuel Filters 500 Series.pdf,UNKNOWN,UNKNOWN,Datasheet,0.5881361906123987
C:\Users\ashu\Downloads\AdditionalDocuments\12m BeachLander\EQUIPMENT CUT-SHEETS & MANUALS\75 - Fuel Filters - Main Engine\menuitem.pdf,UNKNOWN,UNKNOWN,Datasheet,0.5966553903613457
C:\Users\ashu\Downloads\AdditionalDocuments\12m BeachLander\EQUIPMENT CUT-SHEETS & MANUALS\80 - Fuel Level Indicator\Wema SSS-SSL Diesel fuel sensor.pdf,UNKNOWN,UNKNOWN,Datasheet,0.5260539302392925
C:\Users\ashu\Downloads\AdditionalDocuments\12m BeachLander\EQUIPMENT CUT-SHEETS & MANUALS\85 - Fuel Level indicator direct read\Mechanical Sight Level Gauge – MG_MGS 1.5″ NPT – KUS USA.pdf,UNKNOWN,UNKNOWN,Datasheet,0.3158050468195255
C:\Users\ashu\Downloads\AdditionalDocuments\12m BeachLander\EQUIPMENT CUT-SHEETS & MANUALS\90 - Fuel Deck Fill\Deck-fillers_datasheet.pdf,UNKNOWN,UNKNOWN,Datasheet,0.5993443491949573
C:\Users\ashu\Downloads\AdditionalDocuments\12m BeachLander\EQUIPMENT CUT-SHEETS & MANUALS\95 - Vent Fitting\Attwood Flush Fuel Vent Install.pdf,UNKNOWN,UNKNOWN,Manual,0.555964718081391
C:\Users\ashu\Downloads\AdditionalDocuments\12m BeachLander\EQUIPMENT CUT-SHEETS & MANUALS\95 - Vent Fitting\Tank Vent cut-sheet.pdf,UNKNOWN,UNKNOWN,Datasheet,0.4514706729264345
C:\Users\ashu\Downloads\AdditionalDocuments\12m BeachLander\EQUIPMENT CUT-SHEETS & MANUALS\95 - Vent Fitting\Tank Vent.pdf,UNKNOWN,UNKNOWN,Manual,0.5358828894169436
