file_path,status,prediction,best_label,confidence,model_version,model_file
C:\Users\ashu\Downloads\Import_5\Import_5\1228_13797.1228.01_vedder\13797_1228_00_Usermanual_and_Drawings_VEDDER_&_LURSSEN.pdf,UNKNOWN,UNKNOWN,Manual,0.7061118664698904,4,cached_multimodal_doc_classifier_v4.pkl
C:\Users\ashu\Downloads\Import_5\Import_5\3112_13797.3311.01_besecke\450KVA CLIENT rev02.pdf,UNKNOWN,UNKNOWN,Drawing,0.5083687776628927,4,cached_multimodal_doc_classifier_v4.pkl
C:\Users\ashu\Downloads\Import_5\Import_5\3112_13797.3311.01_besecke\6122000041_Datenblatt Data Sheet_450kVA_400V_10.02.2023.pdf,UNKNOWN,UNKNOWN,Certificate,0.40648514183697904,4,cached_multimodal_doc_classifier_v4.pkl
C:\Users\ashu\Downloads\Import_5\Import_5\3112_13797.3311.01_besecke\D4000240.pdf,UNKNOWN,UNKNOWN,Datasheet,0.5530052942267044,4,cached_multimodal_doc_classifier_v4.pkl
C:\Users\ashu\Downloads\Import_5\Import_5\3112_13797.3311.01_besecke\D4000241.pdf,UNKNOWN,UNKNOWN,Drawing,0.40825145093002546,4,cached_multimodal_doc_classifier_v4.pkl
C:\Users\ashu\Downloads\Import_5\Import_5\3112_13797.3311.01_besecke\P.N.2022-40405 D4000240 T.REPORT.pdf,UNKNOWN,UNKNOWN,Datasheet,0.5153505099597453,4,cached_multimodal_doc_classifier_v4.pkl
C:\Users\ashu\Downloads\Import_5\Import_5\3112_13797.3311.01_besecke\P.N.2022-40405 D4000241 T.REPORT.pdf,UNKNOWN,UNKNOWN,Datasheet,0.5157384470273031,4,cached_multimodal_doc_classifier_v4.pkl
C:\Users\ashu\Downloads\Import_5\Import_5\3112_13797.3311.01_besecke\PTC+HEATER ELT 450kVA SCHEME_A.pdf,UNKNOWN,UNKNOWN,Datasheet,0.5413878290152324,4,cached_multimodal_doc_classifier_v4.pkl
C:\Users\ashu\Downloads\Import_5\Import_5\3112_13797.3311.01_besecke\RPT GEN2301207_3_A General Certificate.pdf,OK,Certificate,Certificate,0.7561897155590568,4,cached_multimodal_doc_classifier_v4.pkl
C:\Users\ashu\Downloads\Import_5\Import_5\3112_13797.3311.01_besecke\T.RISE TEST D4000240 PN2022-40405.pdf,UNKNOWN,UNKNOWN,Datasheet,0.4181137018430373,4,cached_multimodal_doc_classifier_v4.pkl
C:\Users\ashu\Downloads\Import_5\Import_5\3131_13797.3311.01_besecke\1000KVA CLIENT rev02.pdf,UNKNOWN,UNKNOWN,Drawing,0.6071909233364581,4,cached_multimodal_doc_classifier_v4.pkl
C:\Users\ashu\Downloads\Import_5\Import_5\3131_13797.3311.01_besecke\6122000040_Datenblatt Data Sheet_1000kVA_690V_10.02.2023.pdf,UNKNOWN,UNKNOWN,Certificate,0.41129880643325245,4,cached_multimodal_doc_classifier_v4.pkl
C:\Users\ashu\Downloads\Import_5\Import_5\3131_13797.3311.01_besecke\D4000238.pdf,UNKNOWN,UNKNOWN,Datasheet,0.5057707137689643,4,cached_multimodal_doc_classifier_v4.pkl
C:\Users\ashu\Downloads\Import_5\Import_5\3131_13797.3311.01_besecke\D4000239.pdf,UNKNOWN,UNKNOWN,Datasheet,0.49260906365504153,4,cached_multimodal_doc_classifier_v4.pkl
C:\Users\ashu\Downloads\Import_5\Import_5\3131_13797.3311.01_besecke\PN 2022-40405 D4000238 T.REPORT.pdf,UNKNOWN,UNKNOWN,Certificate,0.45942884987896077,4,cached_multimodal_doc_classifier_v4.pkl
C:\Users\ashu\Downloads\Import_5\Import_5\3131_13797.3311.01_besecke\PN 2022-40405 D4000239 T.REPORT.pdf,UNKNOWN,UNKNOWN,Certificate,0.47308088707180296,4,cached_multimodal_doc_classifier_v4.pkl
C:\Users\ashu\Downloads\Import_5\Import_5\3131_13797.3311.01_besecke\PTC+HEATER ELT 1000kVA SCHEME_A.pdf,UNKNOWN,UNKNOWN,Datasheet,0.5413878290152324,4,cached_multimodal_doc_classifier_v4.pkl
C:\Users\ashu\Downloads\Import_5\Import_5\3131_13797.3311.01_besecke\RPT GEN2301207_3_A General Certificate.pdf,OK,Certificate,Certificate,0.7561897155590568,4,cached_multimodal_doc_classifier_v4.pkl
C:\Users\ashu\Downloads\Import_5\Import_5\3131_13797.3311.01_besecke\T.RISE TEST D4000238 PN 2022-40405.pdf,UNKNOWN,UNKNOWN,Certificate,0.4437886926335024,4,cached_multimodal_doc_classifier_v4.pkl
C:\Users\ashu\Downloads\Import_5\Import_5\3172_13797.3311.01_besecke\3000217981_z02_001 (003).pdf,UNKNOWN,UNKNOWN,Drawing,0.7301609032916224,4,cached_multimodal_doc_classifier_v4.pkl
C:\Users\ashu\Downloads\Import_5\Import_5\3172_13797.3311.01_besecke\3000222620_z02_001 (002).pdf,UNKNOWN,UNKNOWN,Drawing,0.7236441539119697,4,cached_multimodal_doc_classifier_v4.pkl
C:\Users\ashu\Downloads\Import_5\Import_5\3172_13797.3311.01_besecke\9449501_Kurzanleitung_Baumer_LBFS_QS_DE_EN_FR_11242939_06_20231006033100.567_X.pdf,UNKNOWN,UNKNOWN,Manual,0.29472851376240217,4,cached_multimodal_doc_classifier_v4.pkl
C:\Users\ashu\Downloads\Import_5\Import_5\3172_13797.3311.01_besecke\Datasheet_P62B355L4_7134295_10 revA.pdf,UNKNOWN,UNKNOWN,Datasheet,0.4432974025292292,4,cached_multimodal_doc_classifier_v4.pkl
C:\Users\ashu\Downloads\Import_5\Import_5\3172_13797.3311.01_besecke\fg2-fghj2-catalog-de-en.pdf,UNKNOWN,UNKNOWN,Datasheet,0.3266807777010451,4,cached_multimodal_doc_classifier_v4.pkl
C:\Users\ashu\Downloads\Import_5\Import_5\3172_13797.3311.01_besecke\HAM2303402-001A3_Certificate.pdf,UNKNOWN,UNKNOWN,Certificate,0.5279917503228305,4,cached_multimodal_doc_classifier_v4.pkl
C:\Users\ashu\Downloads\Import_5\Import_5\3172_13797.3311.01_besecke\HAM2303402-002A3_Certificate.pdf,UNKNOWN,UNKNOWN,Certificate,0.5403416401990362,4,cached_multimodal_doc_classifier_v4.pkl
C:\Users\ashu\Downloads\Import_5\Import_5\3172_13797.3311.01_besecke\MY Boardwalk_Klemmplan PTI_PTO.pdf,UNKNOWN,UNKNOWN,Drawing,0.47198831981307565,4,cached_multimodal_doc_classifier_v4.pkl
C:\Users\ashu\Downloads\Import_5\Import_5\3172_13797.3311.01_besecke\Prüfprotokoll_K-2200110_45558203.pdf,UNKNOWN,UNKNOWN,Certificate,0.3981927907838748,4,cached_multimodal_doc_classifier_v4.pkl
C:\Users\ashu\Downloads\Import_5\Import_5\3172_13797.3311.01_besecke\Prüfprotokoll_K-2200120_45615803.pdf,UNKNOWN,UNKNOWN,Datasheet,0.4269230242146177,4,cached_multimodal_doc_classifier_v4.pkl
C:\Users\ashu\Downloads\Import_5\Import_5\3172_13797.3311.01_besecke\Typpruefbericht_K-2200120_45615803.pdf,UNKNOWN,UNKNOWN,Datasheet,0.3512274129808601,4,cached_multimodal_doc_classifier_v4.pkl
C:\Users\ashu\Downloads\Import_5\Import_5\4530_13797.4530.01_alfa\MY BOARDWALK (NB13797)  Heat Recovery System (BGR4530) Dokumentation.pdf,OK,Manual,Manual,0.768222937131835,4,cached_multimodal_doc_classifier_v4.pkl
C:\Users\ashu\Downloads\Import_5\Import_5\4670_13797.4670.01_heinen_rev01\4670 Heinen&Hopmann MAN HVAC.pdf,OK,Manual,Manual,0.7889886078661041,4,cached_multimodal_doc_classifier_v4.pkl
C:\Users\ashu\Downloads\Import_5\Import_5\6100_13797.6100.03_messner\01_Overviews_Deck_Area_Rooms\13797_Deckplan.pdf,OK,Drawing,Drawing,0.7616947556486449,4,cached_multimodal_doc_classifier_v4.pkl
C:\Users\ashu\Downloads\Import_5\Import_5\6100_13797.6100.03_messner\01_Overviews_Deck_Area_Rooms\13797_RoomPlan_6A_6B.pdf,OK,Drawing,Drawing,0.7584127986587405,4,cached_multimodal_doc_classifier_v4.pkl
C:\Users\ashu\Downloads\Import_5\Import_5\6100_13797.6100.03_messner\05_Material_Collection\13797_Boardwalk_Material-Index.pdf,UNKNOWN,UNKNOWN,Drawing,0.6583812290512745,4,cached_multimodal_doc_classifier_v4.pkl
C:\Users\ashu\Downloads\Import_5\Import_5\6100_13797.6100.03_messner\05_Material_Collection\13797_Boardwalk_MaterialCollection_6A_6B_MESSNER.pdf,UNKNOWN,UNKNOWN,Drawing,0.36925795846829124,4,cached_multimodal_doc_classifier_v4.pkl
C:\Users\ashu\Downloads\Import_5\Import_5\6100_13797.6100.03_messner\06_Sanitary_Items\13797_Boardwalk_SanitaryList_MESSNER_6A_6B.pdf,UNKNOWN,UNKNOWN,Drawing,0.6628700646727012,4,cached_multimodal_doc_classifier_v4.pkl
C:\Users\ashu\Downloads\Import_5\Import_5\6100_13797.6100.03_messner\08_Fittings_Spareparts\13797_Boardwalk_Fittinglist_MESSNER.pdf,UNKNOWN,UNKNOWN,Drawing,0.4673897893666462,4,cached_multimodal_doc_classifier_v4.pkl
C:\Users\ashu\Downloads\Import_5\Import_5\6100_13797.6100.03_messner\09_Doors\13797_Boardwalk_Doorlist_6A_6B_MESSNER.pdf,UNKNOWN,UNKNOWN,Drawing,0.5307661837047386,4,cached_multimodal_doc_classifier_v4.pkl
C:\Users\ashu\Downloads\Import_5\Import_5\6100_13797.6100.03_messner\10_CaringInstruction\13797_Boardwalk_Caring Instruction_6A_6B_MESSNER.pdf,OK,Manual,Manual,0.8788970569125278,4,cached_multimodal_doc_classifier_v4.pkl
C:\Users\ashu\Downloads\Import_5\Import_5\6100_13797.6100.03_messner\09_Doors\Certificates\B-15M double - MED+USCG -  MEDB00004E7 - B-15 - 11.09.2023_web.pdf,OK,Certificate,Certificate,0.8955449421809285,4,cached_multimodal_doc_classifier_v4.pkl
C:\Users\ashu\Downloads\Import_5\Import_5\6100_13797.6100.03_messner\09_Doors\Certificates\Yacht - Quality Management System EN ISO 9001-2015 - Englisch.pdf,UNKNOWN,UNKNOWN,Certificate,0.6891901110273929,4,cached_multimodal_doc_classifier_v4.pkl
C:\Users\ashu\Downloads\Import_5\Import_5\6100_13797.6100.03_messner\09_Doors\Datasheets\HEISE_Optex Mirage_Datasheet-Installation.pdf,OK,Manual,Manual,0.8050988379480165,4,cached_multimodal_doc_classifier_v4.pkl
C:\Users\ashu\Downloads\Import_5\Import_5\6100_13797.6100.03_messner\09_Doors\Datasheets\HEISE_SWITCH 22 H_Datasheet.pdf,UNKNOWN,UNKNOWN,Datasheet,0.5229456357319393,4,cached_multimodal_doc_classifier_v4.pkl
C:\Users\ashu\Downloads\Import_5\Import_5\6100_13797.6100.03_messner\09_Doors\Datasheets\Schurter_OpeningSwitch_MSM22_RI_RGB_SpecSheet.pdf,UNKNOWN,UNKNOWN,Certificate,0.5692009907146571,4,cached_multimodal_doc_classifier_v4.pkl
C:\Users\ashu\Downloads\Import_5\Import_5\6100_13797.6100.03_messner\09_Doors\Certificates\Doubleleaf Door\Yacht - fireprotection - DT - doubleleaf door.pdf,UNKNOWN,UNKNOWN,Datasheet,0.5133571429489729,4,cached_multimodal_doc_classifier_v4.pkl
C:\Users\ashu\Downloads\Import_5\Import_5\6100_13797.6100.03_messner\09_Doors\Certificates\Doubleleaf-Sliding-Door\Yacht - fireprotection - ST - Doubleleaf Sliding Door.pdf,OK,Certificate,Certificate,0.9034729536952785,4,cached_multimodal_doc_classifier_v4.pkl
C:\Users\ashu\Downloads\Import_5\Import_5\6100_13797.6100.03_messner\09_Doors\Certificates\Singleleaf Door\Yacht - fireprotect - DT - singleleaf door_glass.pdf,OK,Certificate,Certificate,0.9329018331425151,4,cached_multimodal_doc_classifier_v4.pkl
C:\Users\ashu\Downloads\Import_5\Import_5\6100_13797.6100.03_messner\09_Doors\Certificates\Singleleaf Door\Yacht - fireprotect - DT - singleleaf door_wood.pdf,OK,Certificate,Certificate,0.9226051632710363,4,cached_multimodal_doc_classifier_v4.pkl
C:\Users\ashu\Downloads\Import_5\Import_5\6100_13797.6100.03_messner\09_Doors\Certificates\Sliding Door\Yacht - fireprotect - ST - singleleaf sliding door - glass.pdf,OK,Certificate,Certificate,0.9260500860797749,4,cached_multimodal_doc_classifier_v4.pkl
C:\Users\ashu\Downloads\Import_5\Import_5\6100_13797.6100.03_messner\09_Doors\Certificates\Sliding Door\Yacht - fireprotect - ST - singleleaf sliding door - wood.pdf,OK,Certificate,Certificate,0.9234934407075269,4,cached_multimodal_doc_classifier_v4.pkl
C:\Users\ashu\Downloads\Import_5\Import_5\6100_13797.6100.03_messner\08_Fittings_Spareparts\Accurite_SlidingRail_Wheelhouse\Accurite_DS5334_SpecSheet.pdf,UNKNOWN,UNKNOWN,Datasheet,0.39990638928233824,4,cached_multimodal_doc_classifier_v4.pkl
C:\Users\ashu\Downloads\Import_5\Import_5\6100_13797.6100.03_messner\08_Fittings_Spareparts\AssaAbloy_SafesElsafe\Safes Zenith_Product Sheet.pdf,UNKNOWN,UNKNOWN,Manual,0.5677568331864824,4,cached_multimodal_doc_classifier_v4.pkl
C:\Users\ashu\Downloads\Import_5\Import_5\6100_13797.6100.03_messner\08_Fittings_Spareparts\Blum_Revego_GMDSS-Doors\Blum_Revego_Configuration_DE.pdf,UNKNOWN,UNKNOWN,Datasheet,0.4339639632728502,4,cached_multimodal_doc_classifier_v4.pkl
C:\Users\ashu\Downloads\Import_5\Import_5\6100_13797.6100.03_messner\08_Fittings_Spareparts\Blum_Revego_GMDSS-Doors\Blum_Revego_Installation DoubleDoor.pdf,UNKNOWN,UNKNOWN,Datasheet,0.4212242643145971,4,cached_multimodal_doc_classifier_v4.pkl
C:\Users\ashu\Downloads\Import_5\Import_5\6100_13797.6100.03_messner\08_Fittings_Spareparts\Blum_Revego_GMDSS-Doors\Blum_Revego_Installation Single Door.pdf,UNKNOWN,UNKNOWN,Datasheet,0.44601265379985344,4,cached_multimodal_doc_classifier_v4.pkl
C:\Users\ashu\Downloads\Import_5\Import_5\6100_13797.6100.03_messner\08_Fittings_Spareparts\Blum_Revego_GMDSS-Doors\Blum_Revego_Safety instruction.pdf,UNKNOWN,UNKNOWN,Datasheet,0.5908289461538834,4,cached_multimodal_doc_classifier_v4.pkl
C:\Users\ashu\Downloads\Import_5\Import_5\6100_13797.6100.03_messner\08_Fittings_Spareparts\Blum_Revego_GMDSS-Doors\Blum_Revego_Special Instructions.pdf,UNKNOWN,UNKNOWN,Datasheet,0.4884438803098819,4,cached_multimodal_doc_classifier_v4.pkl
C:\Users\ashu\Downloads\Import_5\Import_5\6100_13797.6100.03_messner\08_Fittings_Spareparts\Blum_Revego_GMDSS-Doors\Blum_Revego_SpecSheet.pdf,UNKNOWN,UNKNOWN,Datasheet,0.627583430009115,4,cached_multimodal_doc_classifier_v4.pkl
C:\Users\ashu\Downloads\Import_5\Import_5\6100_13797.6100.03_messner\08_Fittings_Spareparts\Floortanks\Floortank_RB4M_Datasheet.pdf,UNKNOWN,UNKNOWN,Datasheet,0.44799126067909706,4,cached_multimodal_doc_classifier_v4.pkl
C:\Users\ashu\Downloads\Import_5\Import_5\6100_13797.6100.03_messner\08_Fittings_Spareparts\Fonsegrive_Steamshowerdoor hinge\Fonsegrive_Augusta_SpecSheet.pdf,UNKNOWN,UNKNOWN,Datasheet,0.4845958665102941,4,cached_multimodal_doc_classifier_v4.pkl
C:\Users\ashu\Downloads\Import_5\Import_5\6100_13797.6100.03_messner\08_Fittings_Spareparts\Hera_DoorSwitch\Hera_Doorswitch_Installation Instruction.pdf,UNKNOWN,UNKNOWN,Certificate,0.4264897689118895,4,cached_multimodal_doc_classifier_v4.pkl
C:\Users\ashu\Downloads\Import_5\Import_5\6100_13797.6100.03_messner\08_Fittings_Spareparts\Hera_DoorSwitch\Hera_Doorswitch_TechSpec.pdf,UNKNOWN,UNKNOWN,Datasheet,0.43034912032175404,4,cached_multimodal_doc_classifier_v4.pkl
C:\Users\ashu\Downloads\Import_5\Import_5\6100_13797.6100.03_messner\08_Fittings_Spareparts\Hettich_Hiding-Doors\Hettich_KA5740_Installtion Instruction.pdf,UNKNOWN,UNKNOWN,Datasheet,0.36997715162373646,4,cached_multimodal_doc_classifier_v4.pkl
C:\Users\ashu\Downloads\Import_5\Import_5\6100_13797.6100.03_messner\08_Fittings_Spareparts\Hettich_Hiding-Doors\Hettich_KA5740_TechSpec.pdf,UNKNOWN,UNKNOWN,Datasheet,0.5021521518332784,4,cached_multimodal_doc_classifier_v4.pkl
C:\Users\ashu\Downloads\Import_5\Import_5\6100_13797.6100.03_messner\08_Fittings_Spareparts\HFL_BedLift\HFL_Bedlift_Datasheet.pdf,UNKNOWN,UNKNOWN,Datasheet,0.48272267468811486,4,cached_multimodal_doc_classifier_v4.pkl
C:\Users\ashu\Downloads\Import_5\Import_5\6100_13797.6100.03_messner\08_Fittings_Spareparts\HFL_BedLift\HFL_Bedlift_Safetyinformation.pdf,UNKNOWN,UNKNOWN,Certificate,0.2924153503685958,4,cached_multimodal_doc_classifier_v4.pkl
C:\Users\ashu\Downloads\Import_5\Import_5\6100_13797.6100.03_messner\08_Fittings_Spareparts\HFL_Glassdoor-Locks\HFL_Glassdoor-Lock-Counterpiece_Datasheet.pdf,UNKNOWN,UNKNOWN,Datasheet,0.3886385293933887,4,cached_multimodal_doc_classifier_v4.pkl
C:\Users\ashu\Downloads\Import_5\Import_5\6100_13797.6100.03_messner\08_Fittings_Spareparts\HFL_Glassdoor-Locks\HFL_Glassdoor-Lock_Datasheet.pdf,UNKNOWN,UNKNOWN,Datasheet,0.44197904286954376,4,cached_multimodal_doc_classifier_v4.pkl
C:\Users\ashu\Downloads\Import_5\Import_5\6100_13797.6100.03_messner\08_Fittings_Spareparts\HFL_Glassdoor-Locks\HFL_Glassdoor-Lock_Installation.pdf,UNKNOWN,UNKNOWN,Datasheet,0.5182264920368423,4,cached_multimodal_doc_classifier_v4.pkl
C:\Users\ashu\Downloads\Import_5\Import_5\6100_13797.6100.03_messner\08_Fittings_Spareparts\HFL_Glassdoor-Locks\HFL_Glassdoor-Magnetic-insert_datasheet.pdf,UNKNOWN,UNKNOWN,Datasheet,0.5498960612891785,4,cached_multimodal_doc_classifier_v4.pkl
C:\Users\ashu\Downloads\Import_5\Import_5\6100_13797.6100.03_messner\08_Fittings_Spareparts\HFL_Glassdoor-Locks\HFL_Glassdoor-Strikerplate_datasheet.pdf,UNKNOWN,UNKNOWN,Datasheet,0.5651780969362131,4,cached_multimodal_doc_classifier_v4.pkl
C:\Users\ashu\Downloads\Import_5\Import_5\6100_13797.6100.03_messner\08_Fittings_Spareparts\IGUS_Cablechains\Igus_CableChains_Datasheet.pdf,UNKNOWN,UNKNOWN,Datasheet,0.4585078039570615,4,cached_multimodal_doc_classifier_v4.pkl
C:\Users\ashu\Downloads\Import_5\Import_5\6100_13797.6100.03_messner\08_Fittings_Spareparts\Link_DoorLoop\Mini-DoorLoop_Datasheet.pdf,UNKNOWN,UNKNOWN,Certificate,0.3713151289371471,4,cached_multimodal_doc_classifier_v4.pkl
C:\Users\ashu\Downloads\Import_5\Import_5\6100_13797.6100.03_messner\08_Fittings_Spareparts\Link_DoorLoop\Mini-DoorLoop_Drawing.pdf,UNKNOWN,UNKNOWN,Drawing,0.38430129337393476,4,cached_multimodal_doc_classifier_v4.pkl
C:\Users\ashu\Downloads\Import_5\Import_5\6100_13797.6100.03_messner\08_Fittings_Spareparts\Link_DoorLoop\Mini-DoorLoop_Installation.pdf,UNKNOWN,UNKNOWN,Datasheet,0.40439099700166425,4,cached_multimodal_doc_classifier_v4.pkl
C:\Users\ashu\Downloads\Import_5\Import_5\6100_13797.6100.03_messner\08_Fittings_Spareparts\Pauli+Sohn_Glass-fittings\Pauli+Sohn_Flinter_8152ZN5_glassdoorhinge_InstallationInstruction.pdf,UNKNOWN,UNKNOWN,Certificate,0.3058697676347548,4,cached_multimodal_doc_classifier_v4.pkl
C:\Users\ashu\Downloads\Import_5\Import_5\6100_13797.6100.03_messner\08_Fittings_Spareparts\Pauli+Sohn_Glass-fittings\Pauli+Sohn_sealing profiles_Datasheet.pdf,UNKNOWN,UNKNOWN,Drawing,0.42057179669092376,4,cached_multimodal_doc_classifier_v4.pkl
C:\Users\ashu\Downloads\Import_5\Import_5\6100_13797.6100.03_messner\08_Fittings_Spareparts\PS-Locks_Keypad_Lock\LATCH74_Datasheet_EN_DE.pdf,UNKNOWN,UNKNOWN,Drawing,0.39878125721073554,4,cached_multimodal_doc_classifier_v4.pkl
C:\Users\ashu\Downloads\Import_5\Import_5\6100_13797.6100.03_messner\08_Fittings_Spareparts\PS-Locks_Keypad_Lock\TEN_Datasheet_EN_DE.pdf,UNKNOWN,UNKNOWN,Drawing,0.37693977429694675,4,cached_multimodal_doc_classifier_v4.pkl
C:\Users\ashu\Downloads\Import_5\Import_5\6100_13797.6100.03_messner\08_Fittings_Spareparts\PS-Locks_Keypad_Lock\TEN_Installation Instruction.pdf,UNKNOWN,UNKNOWN,Manual,0.27903674330533706,4,cached_multimodal_doc_classifier_v4.pkl
C:\Users\ashu\Downloads\Import_5\Import_5\6100_13797.6100.03_messner\07_Electric_Items\02_Downlights\Cantalupi Lighting_VIIC0-Wheelhouse_TOP 8 R G 80 FIX WR_Datasheet.pdf,UNKNOWN,UNKNOWN,Datasheet,0.4628641359437695,4,cached_multimodal_doc_classifier_v4.pkl
C:\Users\ashu\Downloads\Import_5\Import_5\6100_13797.6100.03_messner\07_Electric_Items\02_Downlights\Cantalupi-Lighting-TOP-5-R-ADJ_Datasheet.PDF,UNKNOWN,UNKNOWN,Datasheet,0.45188897987664917,4,cached_multimodal_doc_classifier_v4.pkl
C:\Users\ashu\Downloads\Import_5\Import_5\6100_13797.6100.03_messner\07_Electric_Items\02_Downlights\Cantalupi-Lighting-TOP-8-R-G-ADJ_Datasheet.pdf,UNKNOWN,UNKNOWN,Datasheet,0.5717906801695665,4,cached_multimodal_doc_classifier_v4.pkl
C:\Users\ashu\Downloads\Import_5\Import_5\6100_13797.6100.03_messner\07_Electric_Items\02_Downlights\Cantalupi-Lighting-TOP-8-R-G-FIX_Datasheet.pdf,UNKNOWN,UNKNOWN,Datasheet,0.5075944191404116,4,cached_multimodal_doc_classifier_v4.pkl
C:\Users\ashu\Downloads\Import_5\Import_5\6100_13797.6100.03_messner\07_Electric_Items\02_Downlights\Cantalupi-Lighting_IVC1-Steam Shower_STEEL-8_Datasheet.pdf,UNKNOWN,UNKNOWN,Datasheet,0.5038117052192278,4,cached_multimodal_doc_classifier_v4.pkl
C:\Users\ashu\Downloads\Import_5\Import_5\6100_13797.6100.03_messner\07_Electric_Items\03_Ceiling Pendants\LGT-80A_IVC2-Pedicure_Petra Rock Basket_Datasheet.pdf,UNKNOWN,UNKNOWN,Drawing,0.7206945044807572,4,cached_multimodal_doc_classifier_v4.pkl
C:\Users\ashu\Downloads\Import_5\Import_5\6100_13797.6100.03_messner\07_Electric_Items\03_Ceiling Pendants\LGT-80B_IVC9-Massage_Petra Rock Basket_Datasheet.pdf,UNKNOWN,UNKNOWN,Drawing,0.7104057498647779,4,cached_multimodal_doc_classifier_v4.pkl
C:\Users\ashu\Downloads\Import_5\Import_5\6100_13797.6100.03_messner\07_Electric_Items\04_Wall_Lights\13797_Boardwalk_DecorativeLights_MESSNER.pdf,UNKNOWN,UNKNOWN,Drawing,0.5882361066268855,4,cached_multimodal_doc_classifier_v4.pkl
C:\Users\ashu\Downloads\Import_5\Import_5\6100_13797.6100.03_messner\07_Electric_Items\04_Wall_Lights\LGT-23_PortaRomana_Library_Wall_Light_Datasheet.pdf,UNKNOWN,UNKNOWN,Datasheet,0.6430986192389448,4,cached_multimodal_doc_classifier_v4.pkl
C:\Users\ashu\Downloads\Import_5\Import_5\6100_13797.6100.03_messner\07_Electric_Items\04_Wall_Lights\LGT-27_Jetstream Escutcheon_Datasheet.pdf,OK,Manual,Manual,0.8020152490333392,4,cached_multimodal_doc_classifier_v4.pkl
C:\Users\ashu\Downloads\Import_5\Import_5\6100_13797.6100.03_messner\07_Electric_Items\04_Wall_Lights\LGT-32_JPCatalog_SpunThreadSconce_Datasheet.pdf,UNKNOWN,UNKNOWN,Drawing,0.39863493944129125,4,cached_multimodal_doc_classifier_v4.pkl
C:\Users\ashu\Downloads\Import_5\Import_5\6100_13797.6100.03_messner\07_Electric_Items\04_Wall_Lights\LGT-34_Sabre_Wall_Light_Datasheet.pdf,UNKNOWN,UNKNOWN,Datasheet,0.6492174301274025,4,cached_multimodal_doc_classifier_v4.pkl
C:\Users\ashu\Downloads\Import_5\Import_5\6100_13797.6100.03_messner\07_Electric_Items\04_Wall_Lights\LGT-52_Wired_Branch WS_Datasheet.pdf,UNKNOWN,UNKNOWN,Drawing,0.7069640843204772,4,cached_multimodal_doc_classifier_v4.pkl
C:\Users\ashu\Downloads\Import_5\Import_5\6100_13797.6100.03_messner\07_Electric_Items\04_Wall_Lights\LGT-55_Wired_Kello WS_Datasheet.pdf,UNKNOWN,UNKNOWN,Drawing,0.716338570678611,4,cached_multimodal_doc_classifier_v4.pkl
C:\Users\ashu\Downloads\Import_5\Import_5\6100_13797.6100.03_messner\07_Electric_Items\05_LED_DriverUnits_ElectricComponents\13797_Boardwalk_LED-Documentation_6A_6B.pdf,OK,Manual,Manual,0.8932959529929225,4,cached_multimodal_doc_classifier_v4.pkl
C:\Users\ashu\Downloads\Import_5\Import_5\6100_13797.6100.03_messner\07_Electric_Items\07_Floor Heating\13797_Floorheating_Overview_504_6A_MESSNER.pdf,UNKNOWN,UNKNOWN,Drawing,0.6961721891294468,4,cached_multimodal_doc_classifier_v4.pkl
C:\Users\ashu\Downloads\Import_5\Import_5\6100_13797.6100.03_messner\07_Electric_Items\07_Floor Heating\13797_Floorheating_Overview_507_6B_MESSNER.pdf,UNKNOWN,UNKNOWN,Drawing,0.6710759560036997,4,cached_multimodal_doc_classifier_v4.pkl
C:\Users\ashu\Downloads\Import_5\Import_5\6100_13797.6100.03_messner\07_Electric_Items\07_Floor Heating\Bamaheat_EDM_Technical Specification.pdf,UNKNOWN,UNKNOWN,Datasheet,0.5060288909855601,4,cached_multimodal_doc_classifier_v4.pkl
C:\Users\ashu\Downloads\Import_5\Import_5\6100_13797.6100.03_messner\07_Electric_Items\07_Floor Heating\Bamaheat_RoomTemperature Regulator_ 36.32KNX_Technical Specification.pdf,UNKNOWN,UNKNOWN,Datasheet,0.414179649417919,4,cached_multimodal_doc_classifier_v4.pkl
C:\Users\ashu\Downloads\Import_5\Import_5\6100_13797.6100.03_messner\07_Electric_Items\07_Floor Heating\Bamaheat_Switch_Technical Specification.pdf,UNKNOWN,UNKNOWN,Datasheet,0.6043272561304619,4,cached_multimodal_doc_classifier_v4.pkl
C:\Users\ashu\Downloads\Import_5\Import_5\6100_13797.6100.03_messner\07_Electric_Items\07_Floor Heating\Bamaheat_Temperaturesensor 06 KNX_Technical Specification.pdf,UNKNOWN,UNKNOWN,Datasheet,0.5019645935596743,4,cached_multimodal_doc_classifier_v4.pkl
C:\Users\ashu\Downloads\Import_5\Import_5\6100_13797.6100.03_messner\07_Electric_Items\08_Blinds\13797_Boardwalk_Blinds_Position Numbers_MESSNER.pdf,UNKNOWN,UNKNOWN,Drawing,0.4687002181706198,4,cached_multimodal_doc_classifier_v4.pkl
C:\Users\ashu\Downloads\Import_5\Import_5\6100_13797.6100.03_messner\07_Electric_Items\09_Mirror_Heating\Thermoreflect_230V_Mirrorheating_Datasheet.pdf,UNKNOWN,UNKNOWN,Drawing,0.4258160512198686,4,cached_multimodal_doc_classifier_v4.pkl
C:\Users\ashu\Downloads\Import_5\Import_5\6100_13797.6100.03_messner\07_Electric_Items\09_Mirror_Heating\Thermoreflect_24V_Mirrorheating_Datasheet.pdf,UNKNOWN,UNKNOWN,Certificate,0.41592670696845885,4,cached_multimodal_doc_classifier_v4.pkl
C:\Users\ashu\Downloads\Import_5\Import_5\6100_13797.6100.03_messner\07_Electric_Items\08_Blinds\Fabrics\Typical Characteristics of natural and synth fabrics.pdf,UNKNOWN,UNKNOWN,Certificate,0.4929175285925947,4,cached_multimodal_doc_classifier_v4.pkl
C:\Users\ashu\Downloads\Import_5\Import_5\6100_13797.6100.03_messner\07_Electric_Items\08_Blinds\KNX Accessories\animeo-ip-rs485-terminator20140625_SpecSheet.pdf,UNKNOWN,UNKNOWN,Datasheet,0.6096083352769799,4,cached_multimodal_doc_classifier_v4.pkl
C:\Users\ashu\Downloads\Import_5\Import_5\6100_13797.6100.03_messner\07_Electric_Items\08_Blinds\KNX Accessories\animeo_KNX_RS485 Moco_InstallationGuide.pdf,UNKNOWN,UNKNOWN,Datasheet,0.36152569553960207,4,cached_multimodal_doc_classifier_v4.pkl
C:\Users\ashu\Downloads\Import_5\Import_5\6100_13797.6100.03_messner\07_Electric_Items\08_Blinds\KNX Accessories\animeo_KNX_RS485 Moco_Manual_EN.pdf,OK,Manual,Manual,0.8906627536194268,4,cached_multimodal_doc_classifier_v4.pkl
C:\Users\ashu\Downloads\Import_5\Import_5\6100_13797.6100.03_messner\07_Electric_Items\08_Blinds\KNX Accessories\Somfy_Verteilerbox_animeo-ip-rs485_bridging-adaptor_SpecSheet.pdf,UNKNOWN,UNKNOWN,Datasheet,0.6070695738564403,4,cached_multimodal_doc_classifier_v4.pkl
C:\Users\ashu\Downloads\Import_5\Import_5\6100_13797.6100.03_messner\07_Electric_Items\08_Blinds\KNX Accessories\WAGO Winsta Midi Weiß 3-polig Stecker 770-133_SpecSheet.pdf,UNKNOWN,UNKNOWN,Certificate,0.5220157942547685,4,cached_multimodal_doc_classifier_v4.pkl
C:\Users\ashu\Downloads\Import_5\Import_5\6100_13797.6100.03_messner\07_Electric_Items\08_Blinds\Rollerblinds Silhouettes_Motors\Sonesse 40 RS485_Manual.pdf,OK,Manual,Manual,0.7753475146014503,4,cached_multimodal_doc_classifier_v4.pkl
C:\Users\ashu\Downloads\Import_5\Import_5\6100_13797.6100.03_messner\07_Electric_Items\08_Blinds\Rollerblinds Silhouettes_Motors\Sonesse 40 RS485_TechnicalDataSheet.pdf,UNKNOWN,UNKNOWN,Drawing,0.3135737322168936,4,cached_multimodal_doc_classifier_v4.pkl
C:\Users\ashu\Downloads\Import_5\Import_5\6100_13797.6100.03_messner\07_Electric_Items\08_Blinds\Rollerblinds Silhouettes_Motors\Sonesse 50 RS485_Manual.pdf,UNKNOWN,UNKNOWN,Datasheet,0.32784859818741474,4,cached_multimodal_doc_classifier_v4.pkl
C:\Users\ashu\Downloads\Import_5\Import_5\6100_13797.6100.03_messner\07_Electric_Items\08_Blinds\Rollerblinds Silhouettes_Motors\Sonesse 50 RS485_SpecSheet.pdf,UNKNOWN,UNKNOWN,Drawing,0.46786547007986656,4,cached_multimodal_doc_classifier_v4.pkl
C:\Users\ashu\Downloads\Import_5\Import_5\6100_13797.6100.03_messner\07_Electric_Items\08_Blinds\Fabrics\CareInstructions\Cleaning Instructions Blackout Roller Blinds.pdf,UNKNOWN,UNKNOWN,Certificate,0.43799351231809497,4,cached_multimodal_doc_classifier_v4.pkl
C:\Users\ashu\Downloads\Import_5\Import_5\6100_13797.6100.03_messner\07_Electric_Items\08_Blinds\Fabrics\CareInstructions\Cleaning instructions for fabric combinations.pdf,UNKNOWN,UNKNOWN,Certificate,0.48893571696080457,4,cached_multimodal_doc_classifier_v4.pkl
C:\Users\ashu\Downloads\Import_5\Import_5\6100_13797.6100.03_messner\07_Electric_Items\08_Blinds\Fabrics\CareInstructions\Cleaning Instructions Screen Roller Blinds Wheelhouse.pdf,UNKNOWN,UNKNOWN,Certificate,0.42646804475474265,4,cached_multimodal_doc_classifier_v4.pkl
C:\Users\ashu\Downloads\Import_5\Import_5\6100_13797.6100.03_messner\07_Electric_Items\08_Blinds\Fabrics\Datasheets_Fabric_RomanBlinds\FB-101 Jet Cream 10340_010.pdf,UNKNOWN,UNKNOWN,Datasheet,0.6674606228570599,4,cached_multimodal_doc_classifier_v4.pkl
C:\Users\ashu\Downloads\Import_5\Import_5\6100_13797.6100.03_messner\07_Electric_Items\08_Blinds\Fabrics\Datasheets_Fabric_RomanBlinds\FB-120  Cerisiers 48190386.pdf,UNKNOWN,UNKNOWN,Datasheet,0.6849400760772627,4,cached_multimodal_doc_classifier_v4.pkl
C:\Users\ashu\Downloads\Import_5\Import_5\6100_13797.6100.03_messner\07_Electric_Items\08_Blinds\Fabrics\Datasheets_Fabric_RomanBlinds\FB-31 Manu 40880187.pdf,UNKNOWN,UNKNOWN,Datasheet,0.5973609168956354,4,cached_multimodal_doc_classifier_v4.pkl
C:\Users\ashu\Downloads\Import_5\Import_5\6100_13797.6100.03_messner\07_Electric_Items\08_Blinds\Fabrics\Datasheets_Fabric_RomanBlinds\FB-97 Contour.pdf,UNKNOWN,UNKNOWN,Datasheet,0.5993383872175364,4,cached_multimodal_doc_classifier_v4.pkl
C:\Users\ashu\Downloads\Import_5\Import_5\6100_13797.6100.03_messner\07_Electric_Items\08_Blinds\Fabrics\Datasheets_Fabric_RomanBlinds\FB-98 Tightrope Pearl 10359_010.pdf,UNKNOWN,UNKNOWN,Datasheet,0.6684358442087777,4,cached_multimodal_doc_classifier_v4.pkl
C:\Users\ashu\Downloads\Import_5\Import_5\6100_13797.6100.03_messner\07_Electric_Items\06_SteamRoom\IVC10-GYM-Lobby_Controlunit_FASEL_FCU5000\Fasel_FCU-EXT-KNX-MODUL_Installation Instruction.pdf,OK,Manual,Manual,0.8670202463069114,4,cached_multimodal_doc_classifier_v4.pkl
C:\Users\ashu\Downloads\Import_5\Import_5\6100_13797.6100.03_messner\07_Electric_Items\06_SteamRoom\IVC10-GYM-Lobby_Controlunit_FASEL_FCU5000\Fasel_FCU5xxx_ConnectionDiagram.pdf,UNKNOWN,UNKNOWN,Datasheet,0.42851604385544795,4,cached_multimodal_doc_classifier_v4.pkl
C:\Users\ashu\Downloads\Import_5\Import_5\6100_13797.6100.03_messner\07_Electric_Items\06_SteamRoom\IVC10-GYM-Lobby_Controlunit_FASEL_FCU5000\Fasel_FCU5xxx_Installation Instruction.pdf,OK,Manual,Manual,0.9503770852543403,4,cached_multimodal_doc_classifier_v4.pkl
C:\Users\ashu\Downloads\Import_5\Import_5\6100_13797.6100.03_messner\07_Electric_Items\06_SteamRoom\IVC10-GYM-Lobby_Controlunit_FASEL_FCU5000\Fasel_FCU5xxx_OperatingManual.pdf,OK,Manual,Manual,0.9824011725921984,4,cached_multimodal_doc_classifier_v4.pkl
C:\Users\ashu\Downloads\Import_5\Import_5\6100_13797.6100.03_messner\07_Electric_Items\06_SteamRoom\IVC1_DuftDos_Scent-Dispenser\Duftdos-0-T_DataSheet.pdf,UNKNOWN,UNKNOWN,Datasheet,0.5807375353165943,4,cached_multimodal_doc_classifier_v4.pkl
C:\Users\ashu\Downloads\Import_5\Import_5\6100_13797.6100.03_messner\07_Electric_Items\06_SteamRoom\IVC1_DuftDos_Scent-Dispenser\Duftdos-0-T_Operation Manual.pdf,OK,Manual,Manual,0.9649678818147271,4,cached_multimodal_doc_classifier_v4.pkl
C:\Users\ashu\Downloads\Import_5\Import_5\6100_13797.6100.03_messner\07_Electric_Items\06_SteamRoom\IVC1_SteamGenerator\Hygromatik_Standardline_Datasheet_electrode.pdf,UNKNOWN,UNKNOWN,Datasheet,0.4300379485274082,4,cached_multimodal_doc_classifier_v4.pkl
C:\Users\ashu\Downloads\Import_5\Import_5\6100_13797.6100.03_messner\07_Electric_Items\06_SteamRoom\IVC1_SteamGenerator\Hygromatik_Standardline_Heater_Manual.pdf,UNKNOWN,UNKNOWN,Datasheet,0.4254939461122417,4,cached_multimodal_doc_classifier_v4.pkl
C:\Users\ashu\Downloads\Import_5\Import_5\6100_13797.6100.03_messner\07_Electric_Items\06_SteamRoom\IVC1_SteamGenerator\Hygromatik_Standardline_Manual.pdf,OK,Manual,Manual,0.9918522764832235,4,cached_multimodal_doc_classifier_v4.pkl
C:\Users\ashu\Downloads\Import_5\Import_5\6100_13797.6100.03_messner\07_Electric_Items\06_SteamRoom\IVC1_Temperature-sensor\Hygromatik_Temperature-Sensor_TF104_Datasheet.pdf,UNKNOWN,UNKNOWN,Datasheet,0.7048029327501828,4,cached_multimodal_doc_classifier_v4.pkl
C:\Users\ashu\Downloads\Import_5\Import_5\6100_13797.6100.03_messner\07_Electric_Items\03_Ceiling Pendants\IVC10-GYMLobby_LGT-78A_Preciosa Lighting\LTG-78A_IVC10-GYM-Lobby_Datasheet.pdf,UNKNOWN,UNKNOWN,Drawing,0.7027868544463953,4,cached_multimodal_doc_classifier_v4.pkl
C:\Users\ashu\Downloads\Import_5\Import_5\6100_13797.6100.03_messner\07_Electric_Items\03_Ceiling Pendants\IVC10-GYMLobby_LGT-78A_Preciosa Lighting\LTG-78A_IVC10-GYM-Lobby_Electric Diagram.pdf,UNKNOWN,UNKNOWN,Drawing,0.5273958707855688,4,cached_multimodal_doc_classifier_v4.pkl
C:\Users\ashu\Downloads\Import_5\Import_5\6100_13797.6100.03_messner\07_Electric_Items\03_Ceiling Pendants\IVC10-GYMLobby_LGT-78A_Preciosa Lighting\LTG-78A_IVC10-GYM-Lobby_Installation.pdf,UNKNOWN,UNKNOWN,Drawing,0.6766750071846362,4,cached_multimodal_doc_classifier_v4.pkl
C:\Users\ashu\Downloads\Import_5\Import_5\6100_13797.6100.03_messner\07_Electric_Items\01_Kitchen_Appliances\IVC0-GYM_FWD-Pantry_Hoshizaki_Icemaker\Declaration_of_conformity_EU.pdf,UNKNOWN,UNKNOWN,Certificate,0.6993929528328872,4,cached_multimodal_doc_classifier_v4.pkl
C:\Users\ashu\Downloads\Import_5\Import_5\6100_13797.6100.03_messner\07_Electric_Items\01_Kitchen_Appliances\IVC0-GYM_FWD-Pantry_Hoshizaki_Icemaker\IM-30CWNE-HC-25_Datasheet.pdf,UNKNOWN,UNKNOWN,Drawing,0.3519792280235487,4,cached_multimodal_doc_classifier_v4.pkl
C:\Users\ashu\Downloads\Import_5\Import_5\6100_13797.6100.03_messner\07_Electric_Items\01_Kitchen_Appliances\IVC0-GYM_FWD-Pantry_Hoshizaki_Icemaker\IM-30CWNE-HC-25_Instruction and Care Manual.pdf,UNKNOWN,UNKNOWN,Manual,0.6929033664695856,4,cached_multimodal_doc_classifier_v4.pkl
C:\Users\ashu\Downloads\Import_5\Import_5\6100_13797.6100.03_messner\07_Electric_Items\01_Kitchen_Appliances\IVC0-GYM_FWD-Pantry_Perlick_Fridge\Perlick_HH24RS_Undercounter_Installation.pdf,OK,Manual,Manual,0.934904569531199,4,cached_multimodal_doc_classifier_v4.pkl
C:\Users\ashu\Downloads\Import_5\Import_5\6100_13797.6100.03_messner\07_Electric_Items\01_Kitchen_Appliances\IVC0-GYM_FWD-Pantry_Perlick_Fridge\Perlick_HH24RS_Undercounter_Use_Care.pdf,OK,Manual,Manual,0.966927287039513,4,cached_multimodal_doc_classifier_v4.pkl
C:\Users\ashu\Downloads\Import_5\Import_5\6100_13797.6100.03_messner\06_Sanitary_Items\02_Sinks\KOHLER_How to Clean Vitreous China Sinks.pdf,UNKNOWN,UNKNOWN,Drawing,0.3153977065103156,4,cached_multimodal_doc_classifier_v4.pkl
C:\Users\ashu\Downloads\Import_5\Import_5\6100_13797.6100.03_messner\06_Sanitary_Items\02_Sinks\WSBC_Care-and-cleaning-tips.pdf,UNKNOWN,UNKNOWN,Manual,0.3658526874804329,4,cached_multimodal_doc_classifier_v4.pkl
C:\Users\ashu\Downloads\Import_5\Import_5\6100_13797.6100.03_messner\06_Sanitary_Items\04_Faucets_Fillers_Showers\SamuelHeath_finish warranty us issue A 20-02-2024.pdf,UNKNOWN,UNKNOWN,Manual,0.6877362263626473,4,cached_multimodal_doc_classifier_v4.pkl
C:\Users\ashu\Downloads\Import_5\Import_5\6100_13797.6100.03_messner\06_Sanitary_Items\04_Faucets_Fillers_Showers\SamuelHeath_limited.warranty.us-issue.b.20-4-21.pdf,UNKNOWN,UNKNOWN,Manual,0.5527528629202724,4,cached_multimodal_doc_classifier_v4.pkl
C:\Users\ashu\Downloads\Import_5\Import_5\6100_13797.6100.03_messner\06_Sanitary_Items\06_Floor Drains\Bluecher_DrainSleeve_Operating&Maintenance Guide.pdf,UNKNOWN,UNKNOWN,Datasheet,0.37641071378530827,4,cached_multimodal_doc_classifier_v4.pkl
C:\Users\ashu\Downloads\Import_5\Import_5\6100_13797.6100.03_messner\06_Sanitary_Items\06_Floor Drains\Bluecher_DrainSleeve_SpecSheet.pdf,UNKNOWN,UNKNOWN,Datasheet,0.4400828794299391,4,cached_multimodal_doc_classifier_v4.pkl
C:\Users\ashu\Downloads\Import_5\Import_5\6100_13797.6100.03_messner\06_Sanitary_Items\06_Floor Drains\Bluecher_Grating-circle-vienna_SpecSheet.pdf,UNKNOWN,UNKNOWN,Datasheet,0.48497774540205163,4,cached_multimodal_doc_classifier_v4.pkl
C:\Users\ashu\Downloads\Import_5\Import_5\6100_13797.6100.03_messner\06_Sanitary_Items\06_Floor Drains\Bluecher_Removable-Water-Trap_Installation Guide.pdf,UNKNOWN,UNKNOWN,Datasheet,0.48412879714317325,4,cached_multimodal_doc_classifier_v4.pkl
C:\Users\ashu\Downloads\Import_5\Import_5\6100_13797.6100.03_messner\06_Sanitary_Items\06_Floor Drains\Bluecher_Removable-Water-Trap_SpecSheet.pdf,UNKNOWN,UNKNOWN,Datasheet,0.5138135514745286,4,cached_multimodal_doc_classifier_v4.pkl
C:\Users\ashu\Downloads\Import_5\Import_5\6100_13797.6100.03_messner\06_Sanitary_Items\06_Floor Drains\Bluecher_Scupper_Mounting-set-square-tokyo_Installation Guide.pdf,UNKNOWN,UNKNOWN,Datasheet,0.3263883010976333,4,cached_multimodal_doc_classifier_v4.pkl
C:\Users\ashu\Downloads\Import_5\Import_5\6100_13797.6100.03_messner\06_Sanitary_Items\06_Floor Drains\Bluecher_Scupper_Mounting-set-square-tokyo_SpecSheet.pdf,UNKNOWN,UNKNOWN,Datasheet,0.5658165916358341,4,cached_multimodal_doc_classifier_v4.pkl
C:\Users\ashu\Downloads\Import_5\Import_5\6100_13797.6100.03_messner\06_Sanitary_Items\07_SanitaryScheme\13797_BD_IVC0_Gym_Sanitary Scheme.pdf,OK,Drawing,Drawing,0.7785137563317513,4,cached_multimodal_doc_classifier_v4.pkl
C:\Users\ashu\Downloads\Import_5\Import_5\6100_13797.6100.03_messner\06_Sanitary_Items\07_SanitaryScheme\13797_BD_IVC12-IVC16_Paramed-Security Bathroom_Sanitary Scheme.pdf,OK,Drawing,Drawing,0.7751965955939384,4,cached_multimodal_doc_classifier_v4.pkl
C:\Users\ashu\Downloads\Import_5\Import_5\6100_13797.6100.03_messner\06_Sanitary_Items\07_SanitaryScheme\13797_BD_IVC1_Steam Shower_Sanitary Scheme.pdf,OK,Drawing,Drawing,0.7701965955939385,4,cached_multimodal_doc_classifier_v4.pkl
C:\Users\ashu\Downloads\Import_5\Import_5\6100_13797.6100.03_messner\06_Sanitary_Items\07_SanitaryScheme\13797_BD_IVC2_Pedicure Salon_Sanitary Scheme.pdf,OK,Drawing,Drawing,0.769441387260605,4,cached_multimodal_doc_classifier_v4.pkl
C:\Users\ashu\Downloads\Import_5\Import_5\6100_13797.6100.03_messner\06_Sanitary_Items\07_SanitaryScheme\13797_BD_IVC7_Day Head_Sanitary Scheme.pdf,OK,Drawing,Drawing,0.769363262260605,4,cached_multimodal_doc_classifier_v4.pkl
C:\Users\ashu\Downloads\Import_5\Import_5\6100_13797.6100.03_messner\06_Sanitary_Items\07_SanitaryScheme\13797_BD_IVC9_Massage_Sanitary Scheme.pdf,OK,Drawing,Drawing,0.7557553257526685,4,cached_multimodal_doc_classifier_v4.pkl
C:\Users\ashu\Downloads\Import_5\Import_5\6100_13797.6100.03_messner\06_Sanitary_Items\07_SanitaryScheme\13797_BD_VC1_Hospital Bathroom_Sanitary Scheme.pdf,OK,Drawing,Drawing,0.7685299289272717,4,cached_multimodal_doc_classifier_v4.pkl
C:\Users\ashu\Downloads\Import_5\Import_5\6100_13797.6100.03_messner\06_Sanitary_Items\07_SanitaryScheme\13797_BD_VC2_Guest Bath 7_Sanitary Scheme.pdf,OK,Drawing,Drawing,0.7786577407882125,4,cached_multimodal_doc_classifier_v4.pkl
C:\Users\ashu\Downloads\Import_5\Import_5\6100_13797.6100.03_messner\06_Sanitary_Items\07_SanitaryScheme\13797_BD_VIC12_Captains Bathroom_Sanitary Scheme.pdf,OK,Drawing,Drawing,0.7686577407882125,4,cached_multimodal_doc_classifier_v4.pkl
C:\Users\ashu\Downloads\Import_5\Import_5\6100_13797.6100.03_messner\06_Sanitary_Items\05_Accessories\Ginger_Toiletry Shelf\Ginger_1135T-18_Chelsea_Installation.pdf,UNKNOWN,UNKNOWN,Datasheet,0.6381468635151303,4,cached_multimodal_doc_classifier_v4.pkl
C:\Users\ashu\Downloads\Import_5\Import_5\6100_13797.6100.03_messner\06_Sanitary_Items\05_Accessories\Ginger_Toiletry Shelf\Ginger_1135T-18_Chelsea_SpecSheet.pdf,UNKNOWN,UNKNOWN,Datasheet,0.5601237038174716,4,cached_multimodal_doc_classifier_v4.pkl
C:\Users\ashu\Downloads\Import_5\Import_5\6100_13797.6100.03_messner\06_Sanitary_Items\05_Accessories\Kartners_Oslo_Tumbler\Oslo_Tumbler_144660_Installation Guide.pdf,UNKNOWN,UNKNOWN,Datasheet,0.47979385380306233,4,cached_multimodal_doc_classifier_v4.pkl
C:\Users\ashu\Downloads\Import_5\Import_5\6100_13797.6100.03_messner\06_Sanitary_Items\05_Accessories\Kartners_Oslo_Tumbler\Oslo_Tumbler_144660_Specsheet.pdf,UNKNOWN,UNKNOWN,Datasheet,0.4474457186381583,4,cached_multimodal_doc_classifier_v4.pkl
C:\Users\ashu\Downloads\Import_5\Import_5\6100_13797.6100.03_messner\06_Sanitary_Items\05_Accessories\Nameeks_Robehooks\Nameeks_NNBL0027_bathroom hook_Installation Guide.pdf,UNKNOWN,UNKNOWN,Datasheet,0.43271516636558,4,cached_multimodal_doc_classifier_v4.pkl
C:\Users\ashu\Downloads\Import_5\Import_5\6100_13797.6100.03_messner\06_Sanitary_Items\05_Accessories\Nameeks_Robehooks\Nameeks_NNBL0027_bathroom hook_Specsheet.pdf,UNKNOWN,UNKNOWN,Datasheet,0.5670463388169348,4,cached_multimodal_doc_classifier_v4.pkl
C:\Users\ashu\Downloads\Import_5\Import_5\6100_13797.6100.03_messner\06_Sanitary_Items\05_Accessories\SH_L5042-PN_ToiletBrush\SH_L5042_ToiletBrush_Installation&Maintenance Guide.pdf,UNKNOWN,UNKNOWN,Datasheet,0.45206438266806637,4,cached_multimodal_doc_classifier_v4.pkl
C:\Users\ashu\Downloads\Import_5\Import_5\6100_13797.6100.03_messner\06_Sanitary_Items\05_Accessories\SH_L5042-PN_ToiletBrush\SH_L5042_ToiletBrush_SpecSheet.pdf,UNKNOWN,UNKNOWN,Datasheet,0.6460109367334265,4,cached_multimodal_doc_classifier_v4.pkl
C:\Users\ashu\Downloads\Import_5\Import_5\6100_13797.6100.03_messner\06_Sanitary_Items\05_Accessories\SH_L5042-PN_Wall mounted toilet brush\SH_L5042_Wall mounted toilet brush_Installation Guide.pdf,UNKNOWN,UNKNOWN,Datasheet,0.45206438266806637,4,cached_multimodal_doc_classifier_v4.pkl
C:\Users\ashu\Downloads\Import_5\Import_5\6100_13797.6100.03_messner\06_Sanitary_Items\05_Accessories\SH_L5042-PN_Wall mounted toilet brush\SH_L5042_Wall mounted toilet brush_SpecSheet.pdf,UNKNOWN,UNKNOWN,Datasheet,0.5972813633378018,4,cached_multimodal_doc_classifier_v4.pkl
C:\Users\ashu\Downloads\Import_5\Import_5\6100_13797.6100.03_messner\06_Sanitary_Items\05_Accessories\SH_N152_Shower Basket\SH_N152_ShowerBasket_Installation guide.pdf,UNKNOWN,UNKNOWN,Datasheet,0.6127520596739765,4,cached_multimodal_doc_classifier_v4.pkl
C:\Users\ashu\Downloads\Import_5\Import_5\6100_13797.6100.03_messner\06_Sanitary_Items\05_Accessories\SH_N152_Shower Basket\SH_N152_ShowerBasket_SpecSheet.pdf,UNKNOWN,UNKNOWN,Datasheet,0.5724579060842512,4,cached_multimodal_doc_classifier_v4.pkl
C:\Users\ashu\Downloads\Import_5\Import_5\6100_13797.6100.03_messner\06_Sanitary_Items\05_Accessories\SH_N158-GXL-PN_Corner shower basket\SH_N158-GXL_CornerShowerBasket_Installation guide.pdf,UNKNOWN,UNKNOWN,Datasheet,0.6127520596739765,4,cached_multimodal_doc_classifier_v4.pkl
C:\Users\ashu\Downloads\Import_5\Import_5\6100_13797.6100.03_messner\06_Sanitary_Items\05_Accessories\SH_N158-GXL-PN_Corner shower basket\SH_N158-GXL_CornerShowerBasket_SpecSheet.pdf,UNKNOWN,UNKNOWN,Datasheet,0.5484376265591777,4,cached_multimodal_doc_classifier_v4.pkl
C:\Users\ashu\Downloads\Import_5\Import_5\6100_13797.6100.03_messner\06_Sanitary_Items\05_Accessories\SH_N6652-PN_PaperHolder\SH_N6652_PaperHolder_Installation&Maintenance Guide.pdf,UNKNOWN,UNKNOWN,Datasheet,0.4630413259563644,4,cached_multimodal_doc_classifier_v4.pkl
C:\Users\ashu\Downloads\Import_5\Import_5\6100_13797.6100.03_messner\06_Sanitary_Items\05_Accessories\SH_N6652-PN_PaperHolder\SH_N6652_PaperHolder_SpecSheet.pdf,UNKNOWN,UNKNOWN,Datasheet,0.6243589339505023,4,cached_multimodal_doc_classifier_v4.pkl
C:\Users\ashu\Downloads\Import_5\Import_5\6100_13797.6100.03_messner\06_Sanitary_Items\05_Accessories\SH_N6655-A-PN_Towel rail_24inch\SH_N6655_24inch-Towel rail_Installation Guide.pdf,UNKNOWN,UNKNOWN,Datasheet,0.36344196323004646,4,cached_multimodal_doc_classifier_v4.pkl
C:\Users\ashu\Downloads\Import_5\Import_5\6100_13797.6100.03_messner\06_Sanitary_Items\05_Accessories\SH_N6655-A-PN_Towel rail_24inch\SH_N6655_24inch-Towel rail_SpecSheet.pdf,UNKNOWN,UNKNOWN,Datasheet,0.5849016713069576,4,cached_multimodal_doc_classifier_v4.pkl
C:\Users\ashu\Downloads\Import_5\Import_5\6100_13797.6100.03_messner\06_Sanitary_Items\05_Accessories\SH_N6698-6-PN_Towelring_6inch\SH_N6698-6_Towelring_Installation&Maintenance Guide.pdf,UNKNOWN,UNKNOWN,Datasheet,0.5271725409454706,4,cached_multimodal_doc_classifier_v4.pkl
C:\Users\ashu\Downloads\Import_5\Import_5\6100_13797.6100.03_messner\06_Sanitary_Items\05_Accessories\SH_N6698-6-PN_Towelring_6inch\SH_N6698-6_Towelring_SpecSheet.pdf,UNKNOWN,UNKNOWN,Datasheet,0.6302493136802851,4,cached_multimodal_doc_classifier_v4.pkl
"C:\Users\ashu\Downloads\Import_5\Import_5\6100_13797.6100.03_messner\06_Sanitary_Items\05_Accessories\SH_N6760-B-PN_Grab rail, 456mm\SH_N6760-B_Grabrail_Installation&Maintenance Guide.pdf",UNKNOWN,UNKNOWN,Datasheet,0.37406078887155786,4,cached_multimodal_doc_classifier_v4.pkl
"C:\Users\ashu\Downloads\Import_5\Import_5\6100_13797.6100.03_messner\06_Sanitary_Items\05_Accessories\SH_N6760-B-PN_Grab rail, 456mm\SH_N6760-B_Grabrail_SpecSheet.pdf",UNKNOWN,UNKNOWN,Datasheet,0.622403982289046,4,cached_multimodal_doc_classifier_v4.pkl
C:\Users\ashu\Downloads\Import_5\Import_5\6100_13797.6100.03_messner\06_Sanitary_Items\05_Accessories\SH_N6761-B_Sliding_Door_Handle\SH_N6761-B_Shower Door Rail_Installation&Maintanance Guide.pdf,UNKNOWN,UNKNOWN,Datasheet,0.5449191166778978,4,cached_multimodal_doc_classifier_v4.pkl
C:\Users\ashu\Downloads\Import_5\Import_5\6100_13797.6100.03_messner\06_Sanitary_Items\05_Accessories\SH_N6761-B_Sliding_Door_Handle\SH_N6761-B_Shower Door Rail_SpecSheet.pdf,UNKNOWN,UNKNOWN,Datasheet,0.650358949234196,4,cached_multimodal_doc_classifier_v4.pkl
C:\Users\ashu\Downloads\Import_5\Import_5\6100_13797.6100.03_messner\06_Sanitary_Items\04_Faucets_Fillers_Showers\V118-IS_UndermountUnit_3HoleWall-Filler\SH_V118-IS_UndermountUnit-3HoleWall-Filler_Installation Guide.pdf,UNKNOWN,UNKNOWN,Datasheet,0.35394175895228613,4,cached_multimodal_doc_classifier_v4.pkl
C:\Users\ashu\Downloads\Import_5\Import_5\6100_13797.6100.03_messner\06_Sanitary_Items\04_Faucets_Fillers_Showers\V118-IS_UndermountUnit_3HoleWall-Filler\SH_V118-IS_UndermountUnit-3HoleWall-Filler_SpecSheet.pdf,UNKNOWN,UNKNOWN,Datasheet,0.6172572897984805,4,cached_multimodal_doc_classifier_v4.pkl
C:\Users\ashu\Downloads\Import_5\Import_5\6100_13797.6100.03_messner\06_Sanitary_Items\04_Faucets_Fillers_Showers\V188-PN_Shower head\SH_V188_Installation&Maintenance Guide.pdf,UNKNOWN,UNKNOWN,Datasheet,0.4245619341701656,4,cached_multimodal_doc_classifier_v4.pkl
C:\Users\ashu\Downloads\Import_5\Import_5\6100_13797.6100.03_messner\06_Sanitary_Items\04_Faucets_Fillers_Showers\V188-PN_Shower head\SH_V188_SpecSheet.pdf,UNKNOWN,UNKNOWN,Datasheet,0.5038971401155904,4,cached_multimodal_doc_classifier_v4.pkl
C:\Users\ashu\Downloads\Import_5\Import_5\6100_13797.6100.03_messner\06_Sanitary_Items\04_Faucets_Fillers_Showers\V392-PN_BasinFillerPlug\SH_V392_Installation&Maintenance Guide.pdf,UNKNOWN,UNKNOWN,Datasheet,0.3694320759503412,4,cached_multimodal_doc_classifier_v4.pkl
C:\Users\ashu\Downloads\Import_5\Import_5\6100_13797.6100.03_messner\06_Sanitary_Items\04_Faucets_Fillers_Showers\V392-PN_BasinFillerPlug\SH_V392_SpecSheet.pdf,UNKNOWN,UNKNOWN,Datasheet,0.5487649048656097,4,cached_multimodal_doc_classifier_v4.pkl
C:\Users\ashu\Downloads\Import_5\Import_5\6100_13797.6100.03_messner\06_Sanitary_Items\04_Faucets_Fillers_Showers\V602_Thermostat_VolumeControl_Shower\SH_CustomShowerplate_2-Hole_SpecSheet.pdf,UNKNOWN,UNKNOWN,Drawing,0.48692196219169837,4,cached_multimodal_doc_classifier_v4.pkl
C:\Users\ashu\Downloads\Import_5\Import_5\6100_13797.6100.03_messner\06_Sanitary_Items\04_Faucets_Fillers_Showers\V602_Thermostat_VolumeControl_Shower\SH_CustomShowerplate_3-Hole_SpecSheet.pdf,UNKNOWN,UNKNOWN,Datasheet,0.45884548458411906,4,cached_multimodal_doc_classifier_v4.pkl
C:\Users\ashu\Downloads\Import_5\Import_5\6100_13797.6100.03_messner\06_Sanitary_Items\04_Faucets_Fillers_Showers\V602_Thermostat_VolumeControl_Shower\SH_V133_ConcealedThermostaticValve_Installation Guide.pdf,OK,Manual,Manual,0.7846795350681117,4,cached_multimodal_doc_classifier_v4.pkl
C:\Users\ashu\Downloads\Import_5\Import_5\6100_13797.6100.03_messner\06_Sanitary_Items\04_Faucets_Fillers_Showers\V602_Thermostat_VolumeControl_Shower\SH_V133_ConcealedThermostaticValve_SpecSheet.pdf,UNKNOWN,UNKNOWN,Datasheet,0.5167203658074951,4,cached_multimodal_doc_classifier_v4.pkl
C:\Users\ashu\Downloads\Import_5\Import_5\6100_13797.6100.03_messner\06_Sanitary_Items\04_Faucets_Fillers_Showers\V602_Thermostat_VolumeControl_Shower\SH_V600_AdditionalLever_Installation Guide.pdf,UNKNOWN,UNKNOWN,Manual,0.29917262084974694,4,cached_multimodal_doc_classifier_v4.pkl
C:\Users\ashu\Downloads\Import_5\Import_5\6100_13797.6100.03_messner\06_Sanitary_Items\04_Faucets_Fillers_Showers\V602_Thermostat_VolumeControl_Shower\SH_V600_AdditionalLever_SpecSheet.pdf,UNKNOWN,UNKNOWN,Datasheet,0.40967711615396885,4,cached_multimodal_doc_classifier_v4.pkl
C:\Users\ashu\Downloads\Import_5\Import_5\6100_13797.6100.03_messner\06_Sanitary_Items\04_Faucets_Fillers_Showers\V602_Thermostat_VolumeControl_Shower\SH_V602_Installation&Maintenance Guide_before customization.pdf,UNKNOWN,UNKNOWN,Certificate,0.32400272522334816,4,cached_multimodal_doc_classifier_v4.pkl
C:\Users\ashu\Downloads\Import_5\Import_5\6100_13797.6100.03_messner\06_Sanitary_Items\04_Faucets_Fillers_Showers\V602_Thermostat_VolumeControl_Shower\SH_V602_SpecSheet_before customization.pdf,UNKNOWN,UNKNOWN,Datasheet,0.406878355965034,4,cached_multimodal_doc_classifier_v4.pkl
C:\Users\ashu\Downloads\Import_5\Import_5\6100_13797.6100.03_messner\06_Sanitary_Items\04_Faucets_Fillers_Showers\V602_Thermostat_VolumeControl_Shower\SH_V607_ConcealedVolumeControl_Installation Guide.pdf,UNKNOWN,UNKNOWN,Datasheet,0.306938627247002,4,cached_multimodal_doc_classifier_v4.pkl
C:\Users\ashu\Downloads\Import_5\Import_5\6100_13797.6100.03_messner\06_Sanitary_Items\04_Faucets_Fillers_Showers\V602_Thermostat_VolumeControl_Shower\SH_V607_ConcealedVolumeControl_SpecSheet.pdf,UNKNOWN,UNKNOWN,Datasheet,0.39381140184346725,4,cached_multimodal_doc_classifier_v4.pkl
C:\Users\ashu\Downloads\Import_5\Import_5\6100_13797.6100.03_messner\06_Sanitary_Items\04_Faucets_Fillers_Showers\V670-KIT-PN_Slider rail kit\SH_V670-KIT_Installation&Maintenance Guide.pdf,UNKNOWN,UNKNOWN,Datasheet,0.3359277610571285,4,cached_multimodal_doc_classifier_v4.pkl
C:\Users\ashu\Downloads\Import_5\Import_5\6100_13797.6100.03_messner\06_Sanitary_Items\04_Faucets_Fillers_Showers\V670-KIT-PN_Slider rail kit\SH_V670-KIT_SpecSheet.pdf,UNKNOWN,UNKNOWN,Datasheet,0.5868412812067196,4,cached_multimodal_doc_classifier_v4.pkl
C:\Users\ashu\Downloads\Import_5\Import_5\6100_13797.6100.03_messner\06_Sanitary_Items\04_Faucets_Fillers_Showers\V6K09M-PN_SingleLeverFaucet\SH_V6K09M_Installation&Maintenance Guide.pdf,UNKNOWN,UNKNOWN,Manual,0.2949640496549762,4,cached_multimodal_doc_classifier_v4.pkl
C:\Users\ashu\Downloads\Import_5\Import_5\6100_13797.6100.03_messner\06_Sanitary_Items\04_Faucets_Fillers_Showers\V6K09M-PN_SingleLeverFaucet\SH_V6K09M_SpecSheet.pdf,UNKNOWN,UNKNOWN,Datasheet,0.4710346753718194,4,cached_multimodal_doc_classifier_v4.pkl
C:\Users\ashu\Downloads\Import_5\Import_5\6100_13797.6100.03_messner\06_Sanitary_Items\04_Faucets_Fillers_Showers\V6K16M-PN_3 Hole basin filler with pop-up waste\SH_V6K16M-PN_Installation&Maintenance Guide.pdf,UNKNOWN,UNKNOWN,Manual,0.2833422749598222,4,cached_multimodal_doc_classifier_v4.pkl
C:\Users\ashu\Downloads\Import_5\Import_5\6100_13797.6100.03_messner\06_Sanitary_Items\04_Faucets_Fillers_Showers\V6K16M-PN_3 Hole basin filler with pop-up waste\SH_V6K16M-PN_SpecSheet.pdf,UNKNOWN,UNKNOWN,Datasheet,0.4763929606919438,4,cached_multimodal_doc_classifier_v4.pkl
C:\Users\ashu\Downloads\Import_5\Import_5\6100_13797.6100.03_messner\06_Sanitary_Items\04_Faucets_Fillers_Showers\V6K17M-PN_wall mounted basin filler\SH_V6K17M-PN_Installation&Maintenance Guide.pdf,UNKNOWN,UNKNOWN,Manual,0.39515071222547954,4,cached_multimodal_doc_classifier_v4.pkl
C:\Users\ashu\Downloads\Import_5\Import_5\6100_13797.6100.03_messner\06_Sanitary_Items\04_Faucets_Fillers_Showers\V6K17M-PN_wall mounted basin filler\SH_V6K17M-PN_SpecSheet.pdf,UNKNOWN,UNKNOWN,Datasheet,0.45364318464096276,4,cached_multimodal_doc_classifier_v4.pkl
C:\Users\ashu\Downloads\Import_5\Import_5\6100_13797.6100.03_messner\06_Sanitary_Items\04_Faucets_Fillers_Showers\V6K47M-PN_wall mounted tub filler\SH_V6K47M_Installation&Maintenance Guide.pdf,UNKNOWN,UNKNOWN,Certificate,0.34064087839060925,4,cached_multimodal_doc_classifier_v4.pkl
C:\Users\ashu\Downloads\Import_5\Import_5\6100_13797.6100.03_messner\06_Sanitary_Items\04_Faucets_Fillers_Showers\V6K47M-PN_wall mounted tub filler\SH_V6K47M_SpecSheet.pdf,UNKNOWN,UNKNOWN,Datasheet,0.46728600474995696,4,cached_multimodal_doc_classifier_v4.pkl
C:\Users\ashu\Downloads\Import_5\Import_5\6100_13797.6100.03_messner\06_Sanitary_Items\03_Bathtub\Kohler_K-1130-0_Underscore\13797_Sanitary_Kohler_K-1130-0_Underscore_spec sheet.pdf,UNKNOWN,UNKNOWN,Datasheet,0.39334813621831627,4,cached_multimodal_doc_classifier_v4.pkl
C:\Users\ashu\Downloads\Import_5\Import_5\6100_13797.6100.03_messner\06_Sanitary_Items\03_Bathtub\Kohler_K-1130-0_Underscore\K-1130_spec_US-CA_Kohler_en.pdf,UNKNOWN,UNKNOWN,Datasheet,0.40785566186374195,4,cached_multimodal_doc_classifier_v4.pkl
C:\Users\ashu\Downloads\Import_5\Import_5\6100_13797.6100.03_messner\06_Sanitary_Items\03_Bathtub\Kohler_K-7271_Overflow Drain\Kohler_K-7271_datasheet.pdf,UNKNOWN,UNKNOWN,Datasheet,0.40835234396561626,4,cached_multimodal_doc_classifier_v4.pkl
C:\Users\ashu\Downloads\Import_5\Import_5\6100_13797.6100.03_messner\06_Sanitary_Items\03_Bathtub\Kohler_K-7271_Overflow Drain\Kohler_K-7271_installation guide.pdf,UNKNOWN,UNKNOWN,Certificate,0.3130660071976829,4,cached_multimodal_doc_classifier_v4.pkl
C:\Users\ashu\Downloads\Import_5\Import_5\6100_13797.6100.03_messner\06_Sanitary_Items\02_Sinks\Kohler_K-20211  Iron Plains round bathroom sink\13797_Sanitary_Kohler_K-20211 Iron Plains_datasheet.pdf,UNKNOWN,UNKNOWN,Datasheet,0.38031417963949776,4,cached_multimodal_doc_classifier_v4.pkl
C:\Users\ashu\Downloads\Import_5\Import_5\6100_13797.6100.03_messner\06_Sanitary_Items\02_Sinks\Kohler_K-20211  Iron Plains round bathroom sink\13797_Sanitary_Kohler_K-20211 Iron Plains_Installation guide.pdf,UNKNOWN,UNKNOWN,Certificate,0.2977955562032895,4,cached_multimodal_doc_classifier_v4.pkl
C:\Users\ashu\Downloads\Import_5\Import_5\6100_13797.6100.03_messner\06_Sanitary_Items\02_Sinks\Kohler_K-2361-B11_Kallos\13797_Sanitär_Kohler_K-7108 Decorative Drain_Datasheet.pdf,UNKNOWN,UNKNOWN,Datasheet,0.43456690579596374,4,cached_multimodal_doc_classifier_v4.pkl
C:\Users\ashu\Downloads\Import_5\Import_5\6100_13797.6100.03_messner\06_Sanitary_Items\02_Sinks\Kohler_K-2361-B11_Kallos\13797_Sanitär_Kohler_K-7108 Decorative Drain_installation sheet 01.pdf,UNKNOWN,UNKNOWN,Manual,0.4151435031762521,4,cached_multimodal_doc_classifier_v4.pkl
C:\Users\ashu\Downloads\Import_5\Import_5\6100_13797.6100.03_messner\06_Sanitary_Items\02_Sinks\Kohler_K-2361-B11_Kallos\13797_Sanitär_Kohler_K-7108 Decorative Drain_installation sheet 02.pdf,UNKNOWN,UNKNOWN,Certificate,0.4149607271202666,4,cached_multimodal_doc_classifier_v4.pkl
C:\Users\ashu\Downloads\Import_5\Import_5\6100_13797.6100.03_messner\06_Sanitary_Items\02_Sinks\Kohler_K-2361-B11_Kallos\13797_Sanitär_Kohler_Kallos K-2361_Datasheet.pdf,UNKNOWN,UNKNOWN,Datasheet,0.3720797773980762,4,cached_multimodal_doc_classifier_v4.pkl
C:\Users\ashu\Downloads\Import_5\Import_5\6100_13797.6100.03_messner\06_Sanitary_Items\02_Sinks\Kohler_K-2361-B11_Kallos\13797_Sanitär_Kohler_Kallos K-2361_Installation Guide.pdf,UNKNOWN,UNKNOWN,Certificate,0.36872598075976787,4,cached_multimodal_doc_classifier_v4.pkl
C:\Users\ashu\Downloads\Import_5\Import_5\6100_13797.6100.03_messner\06_Sanitary_Items\02_Sinks\Kohler_K-2882-0_Verticyl rectangular undermount sink\13797_Sanitary_Kohler_K-2882 Verticyl_datasheet.pdf,UNKNOWN,UNKNOWN,Datasheet,0.3703279537894916,4,cached_multimodal_doc_classifier_v4.pkl
C:\Users\ashu\Downloads\Import_5\Import_5\6100_13797.6100.03_messner\06_Sanitary_Items\02_Sinks\Kohler_K-2882-0_Verticyl rectangular undermount sink\13797_Sanitary_Kohler_K-2882 Verticyl_installation guide.pdf,UNKNOWN,UNKNOWN,Certificate,0.34720439739203945,4,cached_multimodal_doc_classifier_v4.pkl
C:\Users\ashu\Downloads\Import_5\Import_5\6100_13797.6100.03_messner\06_Sanitary_Items\02_Sinks\WSBC_Undermount Sink\13797_Sanitary_WSBC_0805 undermount sink_datasheet.pdf,UNKNOWN,UNKNOWN,Drawing,0.4075334085646508,4,cached_multimodal_doc_classifier_v4.pkl
C:\Users\ashu\Downloads\Import_5\Import_5\6100_13797.6100.03_messner\06_Sanitary_Items\02_Sinks\WSBC_Undermount Sink\13797_Sanitary_WSBC_0805 undermount sink_installation guide.pdf,OK,Manual,Manual,0.7622047001087876,4,cached_multimodal_doc_classifier_v4.pkl
C:\Users\ashu\Downloads\Import_5\Import_5\6100_13797.6100.03_messner\06_Sanitary_Items\02_Sinks\WSBC_Undermount Sink\13797_Sanitary_WSBC_53922_Decorative Trap_tech. spez. sheet.pdf,UNKNOWN,UNKNOWN,Datasheet,0.5747876185279968,4,cached_multimodal_doc_classifier_v4.pkl
C:\Users\ashu\Downloads\Import_5\Import_5\6100_13797.6100.03_messner\06_Sanitary_Items\02_Sinks\WSBC_Undermount Sink\13797_Sanitary_WSBC_53991_Push Waste Drain_technical spezification.pdf,UNKNOWN,UNKNOWN,Drawing,0.4458824605770853,4,cached_multimodal_doc_classifier_v4.pkl
C:\Users\ashu\Downloads\Import_5\Import_5\6100_13797.6100.03_messner\06_Sanitary_Items\01_Evac_Toilet\Evac Optima 5\EVAC_Optima5_Datasheet.pdf,UNKNOWN,UNKNOWN,Drawing,0.685243551489842,4,cached_multimodal_doc_classifier_v4.pkl
C:\Users\ashu\Downloads\Import_5\Import_5\6100_13797.6100.03_messner\06_Sanitary_Items\01_Evac_Toilet\Evac Optima 5\EVAC_Optima5_Illustrated Parts List.pdf,UNKNOWN,UNKNOWN,Datasheet,0.4104582384662114,4,cached_multimodal_doc_classifier_v4.pkl
C:\Users\ashu\Downloads\Import_5\Import_5\6100_13797.6100.03_messner\06_Sanitary_Items\01_Evac_Toilet\Evac Optima 5\EVAC_Optima5_Manual&Installation.pdf,OK,Manual,Manual,0.755412552367268,4,cached_multimodal_doc_classifier_v4.pkl
C:\Users\ashu\Downloads\Import_5\Import_5\6100_13797.6100.03_messner\06_Sanitary_Items\01_Evac_Toilet\FlushButton_Herga\Herga_6438_MiniPushButton_Datasheet.pdf,UNKNOWN,UNKNOWN,Datasheet,0.501461472522255,4,cached_multimodal_doc_classifier_v4.pkl
C:\Users\ashu\Downloads\Import_5\Import_5\6100_13797.6100.03_messner\06_Sanitary_Items\01_Evac_Toilet\Seat_TotoWashlet\TOTO_Heated Toilet Seat_Datasheet.pdf,UNKNOWN,UNKNOWN,Datasheet,0.5100049475482923,4,cached_multimodal_doc_classifier_v4.pkl
C:\Users\ashu\Downloads\Import_5\Import_5\6100_13797.6100.03_messner\06_Sanitary_Items\01_Evac_Toilet\Seat_TotoWashlet\TOTO_IOM Manual.pdf,OK,Manual,Manual,0.9913984289402716,4,cached_multimodal_doc_classifier_v4.pkl
C:\Users\ashu\Downloads\Import_5\Import_5\6100_13797.6100.03_messner\04_Integration_Drawings\IVC0_GYM\13797-6100-K-504-001_05.pdf,OK,Drawing,Drawing,0.8522181261549392,4,cached_multimodal_doc_classifier_v4.pkl
C:\Users\ashu\Downloads\Import_5\Import_5\6100_13797.6100.03_messner\04_Integration_Drawings\IVC10_GYMLobby\13797-6100-K-504-016_04.pdf,OK,Drawing,Drawing,0.8392928767323142,4,cached_multimodal_doc_classifier_v4.pkl
C:\Users\ashu\Downloads\Import_5\Import_5\6100_13797.6100.03_messner\04_Integration_Drawings\IVC11_Hospital\13797-6100-K-504-003_04.pdf,OK,Drawing,Drawing,0.8352600656435186,4,cached_multimodal_doc_classifier_v4.pkl
C:\Users\ashu\Downloads\Import_5\Import_5\6100_13797.6100.03_messner\04_Integration_Drawings\IVC12_ParamedBath\13797-6100-K-504-004_04.pdf,OK,Drawing,Drawing,0.8323599931720466,4,cached_multimodal_doc_classifier_v4.pkl
C:\Users\ashu\Downloads\Import_5\Import_5\6100_13797.6100.03_messner\04_Integration_Drawings\IVC13_GuestCorridor\13797-6100-K-504-017_03.pdf,OK,Drawing,Drawing,0.8626997864277776,4,cached_multimodal_doc_classifier_v4.pkl
C:\Users\ashu\Downloads\Import_5\Import_5\6100_13797.6100.03_messner\04_Integration_Drawings\IVC14_Security\13797-6100-K-504-005_03.pdf,OK,Drawing,Drawing,0.7600120802284032,4,cached_multimodal_doc_classifier_v4.pkl
C:\Users\ashu\Downloads\Import_5\Import_5\6100_13797.6100.03_messner\04_Integration_Drawings\IVC16_SecurityBath\13797-6100-K-504-006_03.pdf,OK,Drawing,Drawing,0.8221464826032762,4,cached_multimodal_doc_classifier_v4.pkl
C:\Users\ashu\Downloads\Import_5\Import_5\6100_13797.6100.03_messner\04_Integration_Drawings\IVC18_GuestCabin07\13797-6100-K-504-007_04.pdf,OK,Drawing,Drawing,0.7876770240189415,4,cached_multimodal_doc_classifier_v4.pkl
C:\Users\ashu\Downloads\Import_5\Import_5\6100_13797.6100.03_messner\04_Integration_Drawings\IVC1_SteamShower\13797-6100-K-504-002_03.pdf,OK,Drawing,Drawing,0.8311855275616109,4,cached_multimodal_doc_classifier_v4.pkl
C:\Users\ashu\Downloads\Import_5\Import_5\6100_13797.6100.03_messner\04_Integration_Drawings\IVC2_Pedicure\13797-6100-K-504-008_04.pdf,OK,Drawing,Drawing,0.8332092474240607,4,cached_multimodal_doc_classifier_v4.pkl
C:\Users\ashu\Downloads\Import_5\Import_5\6100_13797.6100.03_messner\04_Integration_Drawings\IVC7_Dayhead\13797-6100-K-504-009_03.pdf,OK,Drawing,Drawing,0.8487536603094413,4,cached_multimodal_doc_classifier_v4.pkl
C:\Users\ashu\Downloads\Import_5\Import_5\6100_13797.6100.03_messner\04_Integration_Drawings\IVC8_Paramed\13797-6100-K-504-010_03.pdf,OK,Drawing,Drawing,0.769927190747175,4,cached_multimodal_doc_classifier_v4.pkl
C:\Users\ashu\Downloads\Import_5\Import_5\6100_13797.6100.03_messner\04_Integration_Drawings\IVC9_Massage\13797-6100-K-504-011_03.pdf,OK,Drawing,Drawing,0.7958530693068832,4,cached_multimodal_doc_classifier_v4.pkl
C:\Users\ashu\Downloads\Import_5\Import_5\6100_13797.6100.03_messner\04_Integration_Drawings\VC1_HospitalBath\13797-6100-K-504-013_03.pdf,OK,Drawing,Drawing,0.8519810192282925,4,cached_multimodal_doc_classifier_v4.pkl
C:\Users\ashu\Downloads\Import_5\Import_5\6100_13797.6100.03_messner\04_Integration_Drawings\VC2_GuestBath\13797-6100-K-504-014_04.pdf,OK,Drawing,Drawing,0.8295087118472503,4,cached_multimodal_doc_classifier_v4.pkl
C:\Users\ashu\Downloads\Import_5\Import_5\6100_13797.6100.03_messner\04_Integration_Drawings\VIC12_CaptainsBath\13797-6100-K-507-002_03.pdf,OK,Drawing,Drawing,0.8375765573093039,4,cached_multimodal_doc_classifier_v4.pkl
C:\Users\ashu\Downloads\Import_5\Import_5\6100_13797.6100.03_messner\04_Integration_Drawings\VIC5_ShipsOffice\13797-6100-K-507-004_03.pdf,OK,Drawing,Drawing,0.8178804080475165,4,cached_multimodal_doc_classifier_v4.pkl
C:\Users\ashu\Downloads\Import_5\Import_5\6100_13797.6100.03_messner\04_Integration_Drawings\VIC8_CaptainsOffice\13797-6100-K-507-005_03.pdf,OK,Drawing,Drawing,0.7741984479645437,4,cached_multimodal_doc_classifier_v4.pkl
C:\Users\ashu\Downloads\Import_5\Import_5\6100_13797.6100.03_messner\04_Integration_Drawings\VIIC0_Wheelhouse\13797-6100-K-507-006_04.pdf,OK,Drawing,Drawing,0.7718013169762361,4,cached_multimodal_doc_classifier_v4.pkl
C:\Users\ashu\Downloads\Import_5\Import_5\6100_13797.6100.03_messner\04_Integration_Drawings\VIIC2_CaptainsCabin\13797-6100-K-507-007_04.pdf,OK,Drawing,Drawing,0.7795874194004355,4,cached_multimodal_doc_classifier_v4.pkl
C:\Users\ashu\Downloads\Import_5\Import_5\6100_13797.6100.03_messner\03_Dismantling_Drawings\IVC0_GYM\13797-6111-K-504-001_00.pdf,OK,Drawing,Drawing,0.8779936923350501,4,cached_multimodal_doc_classifier_v4.pkl
C:\Users\ashu\Downloads\Import_5\Import_5\6100_13797.6100.03_messner\03_Dismantling_Drawings\IVC10_GYMLobby\13797-6111-K-504-016_00.pdf,OK,Drawing,Drawing,0.8198895794837806,4,cached_multimodal_doc_classifier_v4.pkl
C:\Users\ashu\Downloads\Import_5\Import_5\6100_13797.6100.03_messner\03_Dismantling_Drawings\IVC11_Hospital\13797-6111-K-504-003_00.pdf,OK,Drawing,Drawing,0.8535185760233946,4,cached_multimodal_doc_classifier_v4.pkl
C:\Users\ashu\Downloads\Import_5\Import_5\6100_13797.6100.03_messner\03_Dismantling_Drawings\IVC12_ParamedBath\13797_6111-K-504-004_00.pdf,OK,Drawing,Drawing,0.858651574194999,4,cached_multimodal_doc_classifier_v4.pkl
C:\Users\ashu\Downloads\Import_5\Import_5\6100_13797.6100.03_messner\03_Dismantling_Drawings\IVC13_GuestCorridor\13797-6111-K-504-017_00.pdf,OK,Drawing,Drawing,0.8897895781534921,4,cached_multimodal_doc_classifier_v4.pkl
C:\Users\ashu\Downloads\Import_5\Import_5\6100_13797.6100.03_messner\03_Dismantling_Drawings\IVC14_Security\13797-6111-K-504-005_00.pdf,OK,Drawing,Drawing,0.8670530179299789,4,cached_multimodal_doc_classifier_v4.pkl
C:\Users\ashu\Downloads\Import_5\Import_5\6100_13797.6100.03_messner\03_Dismantling_Drawings\IVC16_SecurityBath\13797-6111-K-504-006_00.pdf,OK,Drawing,Drawing,0.858651574194999,4,cached_multimodal_doc_classifier_v4.pkl
C:\Users\ashu\Downloads\Import_5\Import_5\6100_13797.6100.03_messner\03_Dismantling_Drawings\IVC18_GuestCabin07\13797-6111-K-504-007_00.pdf,OK,Drawing,Drawing,0.8515552663289445,4,cached_multimodal_doc_classifier_v4.pkl
C:\Users\ashu\Downloads\Import_5\Import_5\6100_13797.6100.03_messner\03_Dismantling_Drawings\IVC1_SteamShower\13797-6111-K-504-002_00.pdf,OK,Drawing,Drawing,0.8696095339228839,4,cached_multimodal_doc_classifier_v4.pkl
C:\Users\ashu\Downloads\Import_5\Import_5\6100_13797.6100.03_messner\03_Dismantling_Drawings\IVC2_Pedicure\13797-6111-K-504-008_00.pdf,OK,Drawing,Drawing,0.8677778453263926,4,cached_multimodal_doc_classifier_v4.pkl
C:\Users\ashu\Downloads\Import_5\Import_5\6100_13797.6100.03_messner\03_Dismantling_Drawings\IVC7_Dayhead\13797_6111-K-504-009_00.pdf,OK,Drawing,Drawing,0.8607247700766228,4,cached_multimodal_doc_classifier_v4.pkl
C:\Users\ashu\Downloads\Import_5\Import_5\6100_13797.6100.03_messner\03_Dismantling_Drawings\IVC8_Paramed\13797-6111-K-504-010_00.pdf,OK,Drawing,Drawing,0.851143320911682,4,cached_multimodal_doc_classifier_v4.pkl
C:\Users\ashu\Downloads\Import_5\Import_5\6100_13797.6100.03_messner\03_Dismantling_Drawings\IVC9_Massage\13797-6111-K-504-011_00.pdf,OK,Drawing,Drawing,0.8500151840888392,4,cached_multimodal_doc_classifier_v4.pkl
C:\Users\ashu\Downloads\Import_5\Import_5\6100_13797.6100.03_messner\03_Dismantling_Drawings\VC1_HospitalBath\13797-6111-K-504-013_00.pdf,OK,Drawing,Drawing,0.8695581034099562,4,cached_multimodal_doc_classifier_v4.pkl
C:\Users\ashu\Downloads\Import_5\Import_5\6100_13797.6100.03_messner\03_Dismantling_Drawings\VC2_GuestBath\13797-6111-K-504-014_00.pdf,OK,Drawing,Drawing,0.8652356848254282,4,cached_multimodal_doc_classifier_v4.pkl
C:\Users\ashu\Downloads\Import_5\Import_5\6100_13797.6100.03_messner\03_Dismantling_Drawings\VIC12_CaptainsBath\13797-6111-K-507-002_00.pdf,OK,Drawing,Drawing,0.8535290414986414,4,cached_multimodal_doc_classifier_v4.pkl
C:\Users\ashu\Downloads\Import_5\Import_5\6100_13797.6100.03_messner\03_Dismantling_Drawings\VIC5_ShipsOffice\13797-6111-K-507-004_00.pdf,OK,Drawing,Drawing,0.8564529130265683,4,cached_multimodal_doc_classifier_v4.pkl
C:\Users\ashu\Downloads\Import_5\Import_5\6100_13797.6100.03_messner\03_Dismantling_Drawings\VIC8_CaptainsOffice\13797-6111-K-507-005_00.pdf,OK,Drawing,Drawing,0.8733341196413497,4,cached_multimodal_doc_classifier_v4.pkl
C:\Users\ashu\Downloads\Import_5\Import_5\6100_13797.6100.03_messner\03_Dismantling_Drawings\VIIC0_Wheelhouse\13797-6111-K-507-006_00.pdf,OK,Drawing,Drawing,0.8523134212863124,4,cached_multimodal_doc_classifier_v4.pkl
C:\Users\ashu\Downloads\Import_5\Import_5\6100_13797.6100.03_messner\03_Dismantling_Drawings\VIIC2_CaptainsCabin\13797-6111-K-507-007_00.pdf,OK,Drawing,Drawing,0.8601172249051657,4,cached_multimodal_doc_classifier_v4.pkl
C:\Users\ashu\Downloads\Import_5\Import_5\6100_13797.6100.03_messner\02_Workshop_Drawings\IVC0_GYM\13797-6120-K504-001_02.pdf,OK,Drawing,Drawing,0.8331753594886604,4,cached_multimodal_doc_classifier_v4.pkl
C:\Users\ashu\Downloads\Import_5\Import_5\6100_13797.6100.03_messner\02_Workshop_Drawings\IVC10_GYMLobby\13797-6120-K-504-016_01.pdf,OK,Drawing,Drawing,0.8004488449548898,4,cached_multimodal_doc_classifier_v4.pkl
C:\Users\ashu\Downloads\Import_5\Import_5\6100_13797.6100.03_messner\02_Workshop_Drawings\IVC11_Hospital\13797-6120-K-504-003_02.pdf,UNKNOWN,UNKNOWN,Drawing,0.7178543097435977,4,cached_multimodal_doc_classifier_v4.pkl
C:\Users\ashu\Downloads\Import_5\Import_5\6100_13797.6100.03_messner\02_Workshop_Drawings\IVC12_ParamedBath\13797-6120-K-504-004_01.pdf,OK,Drawing,Drawing,0.8428226512651962,4,cached_multimodal_doc_classifier_v4.pkl
C:\Users\ashu\Downloads\Import_5\Import_5\6100_13797.6100.03_messner\02_Workshop_Drawings\IVC13_GuestCorridor\13797-6120-K-504-017_02.pdf,OK,Drawing,Drawing,0.8265787632194637,4,cached_multimodal_doc_classifier_v4.pkl
C:\Users\ashu\Downloads\Import_5\Import_5\6100_13797.6100.03_messner\02_Workshop_Drawings\IVC14-Security\13797-6120-K-504-005_01.pdf,UNKNOWN,UNKNOWN,Drawing,0.6560627691664201,4,cached_multimodal_doc_classifier_v4.pkl
C:\Users\ashu\Downloads\Import_5\Import_5\6100_13797.6100.03_messner\02_Workshop_Drawings\IVC16_SecurityBath\13797-6120-K-504-006_01.pdf,UNKNOWN,UNKNOWN,Drawing,0.7309723530821551,4,cached_multimodal_doc_classifier_v4.pkl
C:\Users\ashu\Downloads\Import_5\Import_5\6100_13797.6100.03_messner\02_Workshop_Drawings\IVC18_Guest07\13797-6120-K-504-007_02.pdf,UNKNOWN,UNKNOWN,Drawing,0.7202736128986755,4,cached_multimodal_doc_classifier_v4.pkl
C:\Users\ashu\Downloads\Import_5\Import_5\6100_13797.6100.03_messner\02_Workshop_Drawings\IVC1_SteamShower\13797-6120-K-504-002.pdf,OK,Drawing,Drawing,0.8277461347858339,4,cached_multimodal_doc_classifier_v4.pkl
C:\Users\ashu\Downloads\Import_5\Import_5\6100_13797.6100.03_messner\02_Workshop_Drawings\IVC2_Pedicure\13797-6120-K-504-008_02.pdf,OK,Drawing,Drawing,0.7581541042930985,4,cached_multimodal_doc_classifier_v4.pkl
C:\Users\ashu\Downloads\Import_5\Import_5\6100_13797.6100.03_messner\02_Workshop_Drawings\IVC7_Dayhead\13797-6120-K-504-009_02.pdf,OK,Drawing,Drawing,0.854065518294269,4,cached_multimodal_doc_classifier_v4.pkl
C:\Users\ashu\Downloads\Import_5\Import_5\6100_13797.6100.03_messner\02_Workshop_Drawings\IVC8_Paramed\13797-6120-K-504-010_01.pdf,OK,Drawing,Drawing,0.8202587788719765,4,cached_multimodal_doc_classifier_v4.pkl
C:\Users\ashu\Downloads\Import_5\Import_5\6100_13797.6100.03_messner\02_Workshop_Drawings\IVC9_Massage\13797-6120-K-504-011_02.pdf,UNKNOWN,UNKNOWN,Drawing,0.7246686661614169,4,cached_multimodal_doc_classifier_v4.pkl
C:\Users\ashu\Downloads\Import_5\Import_5\6100_13797.6100.03_messner\02_Workshop_Drawings\VC1_HospitalBath\13797-6120-K-504-013_03.pdf,OK,Drawing,Drawing,0.7580265341077431,4,cached_multimodal_doc_classifier_v4.pkl
C:\Users\ashu\Downloads\Import_5\Import_5\6100_13797.6100.03_messner\02_Workshop_Drawings\VC2_GuestBath\13797-6120-K-504-014_03.pdf,UNKNOWN,UNKNOWN,Drawing,0.722133951947321,4,cached_multimodal_doc_classifier_v4.pkl
C:\Users\ashu\Downloads\Import_5\Import_5\6100_13797.6100.03_messner\02_Workshop_Drawings\VIC12_CaptainsBath\13797-6120-K-507-002_03.pdf,UNKNOWN,UNKNOWN,Drawing,0.7162479730905338,4,cached_multimodal_doc_classifier_v4.pkl
C:\Users\ashu\Downloads\Import_5\Import_5\6100_13797.6100.03_messner\02_Workshop_Drawings\VIC5_ShipsOffice\13797-6120-K-507-004_01.pdf,OK,Drawing,Drawing,0.7975546226512286,4,cached_multimodal_doc_classifier_v4.pkl
C:\Users\ashu\Downloads\Import_5\Import_5\6100_13797.6100.03_messner\02_Workshop_Drawings\VIC8_CaptainsOffice\13797-6120-K-507-005_03.pdf,OK,Drawing,Drawing,0.8014384052677296,4,cached_multimodal_doc_classifier_v4.pkl
C:\Users\ashu\Downloads\Import_5\Import_5\6100_13797.6100.03_messner\02_Workshop_Drawings\VIIC0_Wheelhouse\13797_6120-K-507-006_03.pdf,OK,Drawing,Drawing,0.7753542373053102,4,cached_multimodal_doc_classifier_v4.pkl
C:\Users\ashu\Downloads\Import_5\Import_5\6100_13797.6100.03_messner\02_Workshop_Drawings\VIIC2_CaptainsCabin\13797-6120-K-507-007_03.pdf,UNKNOWN,UNKNOWN,Drawing,0.7164425809114127,4,cached_multimodal_doc_classifier_v4.pkl
C:\Users\ashu\Downloads\Import_5\Import_5\6100_13797.6100.01_vedder\1.1_Zonen Plan\13797-6011-K-992-000-02.pdf,OK,Drawing,Drawing,0.7616947556486449,4,cached_multimodal_doc_classifier_v4.pkl
C:\Users\ashu\Downloads\Import_5\Import_5\6100_13797.6100.01_vedder\1.2_Region Plan\13797-0310-K-990-000-02 Region Plan.pdf,OK,Drawing,Drawing,0.7699346102480749,4,cached_multimodal_doc_classifier_v4.pkl
C:\Users\ashu\Downloads\Import_5\Import_5\6100_13797.6100.01_vedder\1.3_Room Plan\13797-1074-K-990-000_06.pdf,UNKNOWN,UNKNOWN,Drawing,0.72199810562168,4,cached_multimodal_doc_classifier_v4.pkl
C:\Users\ashu\Downloads\Import_5\Import_5\6100_13797.6100.01_vedder\1.3_Room Plan\13797-1074-K-990-001_06.pdf,UNKNOWN,UNKNOWN,Drawing,0.7409137830436971,4,cached_multimodal_doc_classifier_v4.pkl
C:\Users\ashu\Downloads\Import_5\Import_5\6100_13797.6100.01_vedder\2.1_Sanitary Items\Boardwalk Sanitary-Room list.pdf,UNKNOWN,UNKNOWN,Datasheet,0.40729084437398194,4,cached_multimodal_doc_classifier_v4.pkl
C:\Users\ashu\Downloads\Import_5\Import_5\6100_13797.6100.01_vedder\2.1_Sanitary Items\Boardwalk Sanitary_item list.pdf,UNKNOWN,UNKNOWN,Datasheet,0.4343384640800882,4,cached_multimodal_doc_classifier_v4.pkl
C:\Users\ashu\Downloads\Import_5\Import_5\6100_13797.6100.01_vedder\2.1_Sanitary Items\VI B 4_GUEST BATH_5_SANITARY PLAN SCHEMATIC-Rev01.pdf,OK,Drawing,Drawing,0.7743505886584466,4,cached_multimodal_doc_classifier_v4.pkl
C:\Users\ashu\Downloads\Import_5\Import_5\6100_13797.6100.01_vedder\2.1_Sanitary Items\VI H 3_DAY HEAD_SANITARY PLAN SCHEMATIC-Rev01.pdf,OK,Drawing,Drawing,0.7745969435349703,4,cached_multimodal_doc_classifier_v4.pkl
C:\Users\ashu\Downloads\Import_5\Import_5\6100_13797.6100.01_vedder\2.1_Sanitary Items\VIII B 8_VIP BATH_SANITARY PLAN SCHEMATIC-Rev01.pdf,OK,Drawing,Drawing,0.7919691257104496,4,cached_multimodal_doc_classifier_v4.pkl
C:\Users\ashu\Downloads\Import_5\Import_5\6100_13797.6100.01_vedder\2.3_Fittings Spareparts\Boari Fittings.pdf,UNKNOWN,UNKNOWN,Drawing,0.39783541041420994,4,cached_multimodal_doc_classifier_v4.pkl
C:\Users\ashu\Downloads\Import_5\Import_5\6100_13797.6100.01_vedder\2.3_Fittings Spareparts\SPARE_PARTS_TOOLS_BOARDWALK_Vedder_250822.pdf,UNKNOWN,UNKNOWN,Drawing,0.6003693276846847,4,cached_multimodal_doc_classifier_v4.pkl
C:\Users\ashu\Downloads\Import_5\Import_5\6100_13797.6100.01_vedder\2.5_Weight\Weight calculation_2024-06-05_11-32_BGR_3215_Vedder_251020..pdf,UNKNOWN,UNKNOWN,Drawing,0.6818649916868132,4,cached_multimodal_doc_classifier_v4.pkl
C:\Users\ashu\Downloads\Import_5\Import_5\6100_13797.6100.01_vedder\2.5_Weight\Weight calculation_2024-06-07_11-20_BGR 1631_Vedder_241020.pdf,UNKNOWN,UNKNOWN,Drawing,0.48225867483632656,4,cached_multimodal_doc_classifier_v4.pkl
C:\Users\ashu\Downloads\Import_5\Import_5\6100_13797.6100.01_vedder\2.6_Certificates\231053-F01-R2 Vedder_13797_FEA Beach Club Staircase.pdf,UNKNOWN,UNKNOWN,Datasheet,0.3513180988589643,4,cached_multimodal_doc_classifier_v4.pkl
C:\Users\ashu\Downloads\Import_5\Import_5\6100_13797.6100.01_vedder\2.6_Certificates\231053-F04-R3 Vedder_13797_FEA Main Staircase.pdf,UNKNOWN,UNKNOWN,Manual,0.5034802035527428,4,cached_multimodal_doc_classifier_v4.pkl
C:\Users\ashu\Downloads\Import_5\Import_5\6100_13797.6100.01_vedder\2.7_Maintenance Instructions\00_Overview of materials with the assignment for Cleaning and Manteinance.pdf,UNKNOWN,UNKNOWN,Datasheet,0.403244596770999,4,cached_multimodal_doc_classifier_v4.pkl
C:\Users\ashu\Downloads\Import_5\Import_5\6100_13797.6100.01_vedder\2.7_Maintenance Instructions\00_Vedder_Maintenance Instruction.pdf,OK,Manual,Manual,0.9388262566474798,4,cached_multimodal_doc_classifier_v4.pkl
C:\Users\ashu\Downloads\Import_5\Import_5\6100_13797.6100.01_vedder\2.7_Maintenance Instructions\01_Stark Carpet Cleaning and Maintenance Instructions.pdf,UNKNOWN,UNKNOWN,Manual,0.5888482808427189,4,cached_multimodal_doc_classifier_v4.pkl
C:\Users\ashu\Downloads\Import_5\Import_5\6100_13797.6100.01_vedder\2.7_Maintenance Instructions\02_Boardwalk Upholstery_item list.pdf,UNKNOWN,UNKNOWN,Drawing,0.44767268064187127,4,cached_multimodal_doc_classifier_v4.pkl
C:\Users\ashu\Downloads\Import_5\Import_5\6100_13797.6100.01_vedder\2.7_Maintenance Instructions\02_Cleaning instructions_Sinn.pdf,UNKNOWN,UNKNOWN,Drawing,0.3327018594591127,4,cached_multimodal_doc_classifier_v4.pkl
C:\Users\ashu\Downloads\Import_5\Import_5\6100_13797.6100.01_vedder\2.7_Maintenance Instructions\02_Cleaning Instructions_Window Decoration .pdf,UNKNOWN,UNKNOWN,Drawing,0.4179635760909777,4,cached_multimodal_doc_classifier_v4.pkl
C:\Users\ashu\Downloads\Import_5\Import_5\6100_13797.6100.01_vedder\2.7_Maintenance Instructions\02_Cleaning- Maintenance Instructions Upholstery.pdf,UNKNOWN,UNKNOWN,Manual,0.6431545687590636,4,cached_multimodal_doc_classifier_v4.pkl
C:\Users\ashu\Downloads\Import_5\Import_5\6100_13797.6100.01_vedder\2.7_Maintenance Instructions\03_Samuel-Heath-Polished-Nickel-PN-finish-care.pdf,UNKNOWN,UNKNOWN,Certificate,0.4291871077513937,4,cached_multimodal_doc_classifier_v4.pkl
C:\Users\ashu\Downloads\Import_5\Import_5\6100_13797.6100.01_vedder\2.7_Maintenance Instructions\03_Waterworks_careandcleaning.pdf,UNKNOWN,UNKNOWN,Manual,0.6379893395858266,4,cached_multimodal_doc_classifier_v4.pkl
C:\Users\ashu\Downloads\Import_5\Import_5\6100_13797.6100.01_vedder\2.7_Maintenance Instructions\04_Formica Products Care_Maintenance Guide.pdf,UNKNOWN,UNKNOWN,Datasheet,0.3269581520958791,4,cached_multimodal_doc_classifier_v4.pkl
C:\Users\ashu\Downloads\Import_5\Import_5\6100_13797.6100.01_vedder\2.7_Maintenance Instructions\04_Tesumo Cleaning Instructions.pdf,UNKNOWN,UNKNOWN,Manual,0.5326749604936523,4,cached_multimodal_doc_classifier_v4.pkl
C:\Users\ashu\Downloads\Import_5\Import_5\6100_13797.6100.01_vedder\2.7_Maintenance Instructions\04_Wash & Care_GB.pdf,UNKNOWN,UNKNOWN,Manual,0.6572605160972188,4,cached_multimodal_doc_classifier_v4.pkl
C:\Users\ashu\Downloads\Import_5\Import_5\6100_13797.6100.01_vedder\2.7_Maintenance Instructions\05_Cleaning and Manteinance_Hotavlje.pdf,UNKNOWN,UNKNOWN,Manual,0.5775937087685555,4,cached_multimodal_doc_classifier_v4.pkl
C:\Users\ashu\Downloads\Import_5\Import_5\6100_13797.6100.01_vedder\2.7_Maintenance Instructions\05_Cleaning and Manteinance_Magma.pdf,UNKNOWN,UNKNOWN,Certificate,0.42546474279952434,4,cached_multimodal_doc_classifier_v4.pkl
C:\Users\ashu\Downloads\Import_5\Import_5\6100_13797.6100.01_vedder\2.7_Maintenance Instructions\100_Operation instruction sheet windbreak doors.pdf,UNKNOWN,UNKNOWN,Datasheet,0.37222242371549336,4,cached_multimodal_doc_classifier_v4.pkl
C:\Users\ashu\Downloads\Import_5\Import_5\6100_13797.6100.01_vedder\2.7_Maintenance Instructions\200_Boardwalk_indoor climate report.pdf,UNKNOWN,UNKNOWN,Datasheet,0.48102274957148644,4,cached_multimodal_doc_classifier_v4.pkl
C:\Users\ashu\Downloads\Import_5\Import_5\6100_13797.6100.01_vedder\2.7_Maintenance Instructions\99_Vedder_Maintenance Reports.pdf,UNKNOWN,UNKNOWN,Datasheet,0.32534353970939717,4,cached_multimodal_doc_classifier_v4.pkl
C:\Users\ashu\Downloads\Import_5\Import_5\6100_13797.6100.01_vedder\2.6_Certificates\IMO certificates - Votteler\Votteler Modul_D_SEE0736Q0000060.pdf,OK,Certificate,Certificate,0.7829997527446675,4,cached_multimodal_doc_classifier_v4.pkl
C:\Users\ashu\Downloads\Import_5\Import_5\6100_13797.6100.01_vedder\2.6_Certificates\IMO certificates - Votteler\Votteler PU507GK.pdf,OK,Certificate,Certificate,0.8182448636867189,4,cached_multimodal_doc_classifier_v4.pkl
C:\Users\ashu\Downloads\Import_5\Import_5\6100_13797.6100.01_vedder\2.6_Certificates\IMO certificates - Votteler\Votteler UP700GK0V026460.pdf,OK,Certificate,Certificate,0.8441832180447048,4,cached_multimodal_doc_classifier_v4.pkl
C:\Users\ashu\Downloads\Import_5\Import_5\6100_13797.6100.01_vedder\2.4_Doors\2.4.1_sliding door system\HST_Accessories_Okt20.pdf,UNKNOWN,UNKNOWN,Manual,0.5162527885402876,4,cached_multimodal_doc_classifier_v4.pkl
C:\Users\ashu\Downloads\Import_5\Import_5\6100_13797.6100.01_vedder\2.4_Doors\2.4.1_sliding door system\HST_Control-Box.pdf,UNKNOWN,UNKNOWN,Datasheet,0.5907261449269763,4,cached_multimodal_doc_classifier_v4.pkl
C:\Users\ashu\Downloads\Import_5\Import_5\6100_13797.6100.01_vedder\2.4_Doors\2.4.1_sliding door system\HST_Datasheet H2 Switch serie.pdf,UNKNOWN,UNKNOWN,Datasheet,0.5229456357319393,4,cached_multimodal_doc_classifier_v4.pkl
C:\Users\ashu\Downloads\Import_5\Import_5\6100_13797.6100.01_vedder\2.4_Doors\2.4.1_sliding door system\HST_user_manual_V6 2023_web.pdf,OK,Manual,Manual,0.9804593186612685,4,cached_multimodal_doc_classifier_v4.pkl
C:\Users\ashu\Downloads\Import_5\Import_5\6100_13797.6100.01_vedder\2.4_Doors\2.4.3._Door_Closer_ITS_96\Door_Closer_ITS96-GB.pdf,OK,Manual,Manual,0.9110674740651072,4,cached_multimodal_doc_classifier_v4.pkl
C:\Users\ashu\Downloads\Import_5\Import_5\6100_13797.6100.01_vedder\2.4_Doors\2.4.2._proofs and certificates\fire safety certificate\Yacht - Fire Resisting B Class Double Leaf Hinged Door.pdf,UNKNOWN,UNKNOWN,Datasheet,0.5133571429489729,4,cached_multimodal_doc_classifier_v4.pkl
C:\Users\ashu\Downloads\Import_5\Import_5\6100_13797.6100.01_vedder\2.4_Doors\2.4.2._proofs and certificates\fire safety certificate\Yacht - Fire Resisting Double Leaf Sliding Door.pdf,OK,Certificate,Certificate,0.9034729536952785,4,cached_multimodal_doc_classifier_v4.pkl
C:\Users\ashu\Downloads\Import_5\Import_5\6100_13797.6100.01_vedder\2.4_Doors\2.4.2._proofs and certificates\fire safety certificate\Yacht - Fire Resisting Single Leaf Hinged Door - Glass.pdf,OK,Certificate,Certificate,0.9329018331425151,4,cached_multimodal_doc_classifier_v4.pkl
C:\Users\ashu\Downloads\Import_5\Import_5\6100_13797.6100.01_vedder\2.4_Doors\2.4.2._proofs and certificates\fire safety certificate\Yacht - Fire Resisting Single Leaf Hinged Door.pdf,OK,Certificate,Certificate,0.9226051632710363,4,cached_multimodal_doc_classifier_v4.pkl
C:\Users\ashu\Downloads\Import_5\Import_5\6100_13797.6100.01_vedder\2.4_Doors\2.4.2._proofs and certificates\fire safety certificate\Yacht - Fire Resisting Single Leaf Sliding Door - glass.pdf,OK,Certificate,Certificate,0.9260500860797749,4,cached_multimodal_doc_classifier_v4.pkl
C:\Users\ashu\Downloads\Import_5\Import_5\6100_13797.6100.01_vedder\2.4_Doors\2.4.2._proofs and certificates\fire safety certificate\Yacht - Fire Resisting Single Leaf Sliding Door.pdf,OK,Certificate,Certificate,0.9234934407075269,4,cached_multimodal_doc_classifier_v4.pkl
C:\Users\ashu\Downloads\Import_5\Import_5\6100_13797.6100.01_vedder\2.4_Doors\2.4.2._proofs and certificates\fire safety certificate\Yacht - Modul-D - Certificate of Conformity MED 1500002-M2..pdf,OK,Certificate,Certificate,0.9222751856633802,4,cached_multimodal_doc_classifier_v4.pkl
C:\Users\ashu\Downloads\Import_5\Import_5\6100_13797.6100.01_vedder\2.4_Doors\2.4.2._proofs and certificates\risk analysis\Grafiken_für_RA.pdf,UNKNOWN,UNKNOWN,Datasheet,0.591431841103131,4,cached_multimodal_doc_classifier_v4.pkl
C:\Users\ashu\Downloads\Import_5\Import_5\6100_13797.6100.01_vedder\2.4_Doors\2.4.2._proofs and certificates\risk analysis\RA_Sliding-Door_BOARDWALK_6023-3201_EN.pdf,UNKNOWN,UNKNOWN,Manual,0.5355578460631231,4,cached_multimodal_doc_classifier_v4.pkl
C:\Users\ashu\Downloads\Import_5\Import_5\6100_13797.6100.01_vedder\2.4_Doors\2.4.2._proofs and certificates\risk analysis\RA_Sliding-Door_BOARDWALK_6023-5201_EN.pdf,UNKNOWN,UNKNOWN,Manual,0.5435212008106681,4,cached_multimodal_doc_classifier_v4.pkl
C:\Users\ashu\Downloads\Import_5\Import_5\6100_13797.6100.01_vedder\2.4_Doors\2.4.2._proofs and certificates\risk analysis\RA_Sliding-Door_BOARDWALK_6024-2203_EN.pdf,UNKNOWN,UNKNOWN,Manual,0.5375566881442674,4,cached_multimodal_doc_classifier_v4.pkl
C:\Users\ashu\Downloads\Import_5\Import_5\6100_13797.6100.01_vedder\2.4_Doors\2.4.2._proofs and certificates\risk analysis\RA_Sliding-Door_BOARDWALK_6024-5203_EN.pdf,UNKNOWN,UNKNOWN,Manual,0.5435212008106681,4,cached_multimodal_doc_classifier_v4.pkl
C:\Users\ashu\Downloads\Import_5\Import_5\6100_13797.6100.01_vedder\2.4_Doors\2.4.2._proofs and certificates\Sound protection\Yacht - Sound protection - ST - Hinged door - - Englisch.pdf,UNKNOWN,UNKNOWN,Certificate,0.4630377840749331,4,cached_multimodal_doc_classifier_v4.pkl
C:\Users\ashu\Downloads\Import_5\Import_5\6100_13797.6100.01_vedder\2.4_Doors\2.4.2._proofs and certificates\Sound protection\Yacht - Sound protection - ST - Sliding doors - - 40dB - Englisch.pdf,UNKNOWN,UNKNOWN,Certificate,0.4458328150443021,4,cached_multimodal_doc_classifier_v4.pkl
C:\Users\ashu\Downloads\Import_5\Import_5\6100_13797.6100.01_vedder\2.2_Electrical Items\03_Lights\20250916_Documentation Project Boardwalk.pdf,OK,Manual,Manual,0.9062692338062432,4,cached_multimodal_doc_classifier_v4.pkl
C:\Users\ashu\Downloads\Import_5\Import_5\6100_13797.6100.01_vedder\2.2_Electrical Items\04_Floor-Mirror Heating\Mirrorheating\1047503_Bimetall_Thermostat_EN_DE_Rev.pdf,UNKNOWN,UNKNOWN,Drawing,0.45434354295768176,4,cached_multimodal_doc_classifier_v4.pkl
C:\Users\ashu\Downloads\Import_5\Import_5\6100_13797.6100.01_vedder\2.2_Electrical Items\04_Floor-Mirror Heating\Mirrorheating\7001002_24V_Mirror heating_CE.pdf,UNKNOWN,UNKNOWN,Datasheet,0.5438614508710321,4,cached_multimodal_doc_classifier_v4.pkl
C:\Users\ashu\Downloads\Import_5\Import_5\6100_13797.6100.01_vedder\2.2_Electrical Items\04_Floor-Mirror Heating\Mirrorheating\datenblatt-1297328-mw-mean-well-lpv-60-24-led-trafo-konstantspannung-60-w-0-25-a-24-vdc-nicht-dimmbar-ueberlastschutz-1-st.pdf,UNKNOWN,UNKNOWN,Datasheet,0.42581326077107806,4,cached_multimodal_doc_classifier_v4.pkl
C:\Users\ashu\Downloads\Import_5\Import_5\6100_13797.6100.01_vedder\2.2_Electrical Items\04_Floor-Mirror Heating\Mirrorheating\datenblatt-1297412-mw-mean-well-lpv-100-24-led-trafo-konstantspannung-100-w-0-42-a-24-vdc-nicht-dimmbar-ueberlastschutz-1-st.pdf,UNKNOWN,UNKNOWN,Datasheet,0.45463332281998875,4,cached_multimodal_doc_classifier_v4.pkl
C:\Users\ashu\Downloads\Import_5\Import_5\6100_13797.6100.01_vedder\2.2_Electrical Items\04_Floor-Mirror Heating\Mirrorheating\datenblatt-1371732-mw-mean-well-lpv-150-24-led-trafo-konstantspannung-151-w-0-63-a-24-vdc-nicht-dimmbar-ueberlastschutz-1-s.pdf,UNKNOWN,UNKNOWN,Datasheet,0.4541517698852263,4,cached_multimodal_doc_classifier_v4.pkl
C:\Users\ashu\Downloads\Import_5\Import_5\6100_13797.6100.01_vedder\2.2_Electrical Items\04_Floor-Mirror Heating\Floorheating\Data sheets\BA Elke ET36.32knx_engl.pdf,OK,Manual,Manual,0.7641113911408404,4,cached_multimodal_doc_classifier_v4.pkl
C:\Users\ashu\Downloads\Import_5\Import_5\6100_13797.6100.01_vedder\2.2_Electrical Items\04_Floor-Mirror Heating\Floorheating\Data sheets\BLOCK___SIM_100-1_englisch.pdf,UNKNOWN,UNKNOWN,Datasheet,0.45961588897865147,4,cached_multimodal_doc_classifier_v4.pkl
C:\Users\ashu\Downloads\Import_5\Import_5\6100_13797.6100.01_vedder\2.2_Electrical Items\04_Floor-Mirror Heating\Floorheating\Data sheets\BLOCK___SIM_200_englisch.pdf,UNKNOWN,UNKNOWN,Datasheet,0.45961588897865147,4,cached_multimodal_doc_classifier_v4.pkl
C:\Users\ashu\Downloads\Import_5\Import_5\6100_13797.6100.01_vedder\2.2_Electrical Items\04_Floor-Mirror Heating\Floorheating\Data sheets\BLOCK___SIM_300_englisch.pdf,UNKNOWN,UNKNOWN,Datasheet,0.45961588897865147,4,cached_multimodal_doc_classifier_v4.pkl
C:\Users\ashu\Downloads\Import_5\Import_5\6100_13797.6100.01_vedder\2.2_Electrical Items\04_Floor-Mirror Heating\Floorheating\Data sheets\BLOCK___SIM_500_englisch.pdf,UNKNOWN,UNKNOWN,Datasheet,0.45277148094681435,4,cached_multimodal_doc_classifier_v4.pkl
C:\Users\ashu\Downloads\Import_5\Import_5\6100_13797.6100.01_vedder\2.2_Electrical Items\04_Floor-Mirror Heating\Floorheating\Data sheets\circuit diagram 230V - V2_eng.PDF,UNKNOWN,UNKNOWN,Drawing,0.5125378263181386,4,cached_multimodal_doc_classifier_v4.pkl
C:\Users\ashu\Downloads\Import_5\Import_5\6100_13797.6100.01_vedder\2.2_Electrical Items\04_Floor-Mirror Heating\Floorheating\Data sheets\circuit diagram 24V - V2_eng.PDF,UNKNOWN,UNKNOWN,Drawing,0.5067114474099184,4,cached_multimodal_doc_classifier_v4.pkl
C:\Users\ashu\Downloads\Import_5\Import_5\6100_13797.6100.01_vedder\2.2_Electrical Items\04_Floor-Mirror Heating\Floorheating\Data sheets\EDM_englisch.pdf,UNKNOWN,UNKNOWN,Datasheet,0.5060288909855601,4,cached_multimodal_doc_classifier_v4.pkl
C:\Users\ashu\Downloads\Import_5\Import_5\6100_13797.6100.01_vedder\2.2_Electrical Items\04_Floor-Mirror Heating\Floorheating\Data sheets\EM-24_Vers.2_engl.pdf,UNKNOWN,UNKNOWN,Datasheet,0.5071353859967246,4,cached_multimodal_doc_classifier_v4.pkl
C:\Users\ashu\Downloads\Import_5\Import_5\6100_13797.6100.01_vedder\2.2_Electrical Items\04_Floor-Mirror Heating\Floorheating\Data sheets\ET36.32knx_dimension sheet (003)_eng.pdf,UNKNOWN,UNKNOWN,Datasheet,0.49890132539306414,4,cached_multimodal_doc_classifier_v4.pkl
C:\Users\ashu\Downloads\Import_5\Import_5\6100_13797.6100.01_vedder\2.2_Electrical Items\04_Floor-Mirror Heating\Floorheating\Data sheets\floor heating_bamaheat_laying instructions.pdf,OK,Manual,Manual,0.8668677165115516,4,cached_multimodal_doc_classifier_v4.pkl
C:\Users\ashu\Downloads\Import_5\Import_5\6100_13797.6100.01_vedder\2.2_Electrical Items\04_Floor-Mirror Heating\Floorheating\Data sheets\Inrush current limiting relay.pdf,UNKNOWN,UNKNOWN,Datasheet,0.418738860169014,4,cached_multimodal_doc_classifier_v4.pkl
C:\Users\ashu\Downloads\Import_5\Import_5\6100_13797.6100.01_vedder\2.2_Electrical Items\04_Floor-Mirror Heating\Floorheating\Data sheets\Temperature sensor 06 KNX_englisch.pdf,UNKNOWN,UNKNOWN,Datasheet,0.533902240809146,4,cached_multimodal_doc_classifier_v4.pkl
C:\Users\ashu\Downloads\Import_5\Import_5\6100_13797.6100.01_vedder\2.2_Electrical Items\04_Floor-Mirror Heating\Floorheating\Overview drawings\Overview_ALL DECKS GD_BD_SD.pdf,UNKNOWN,UNKNOWN,Drawing,0.6516067352457214,4,cached_multimodal_doc_classifier_v4.pkl
C:\Users\ashu\Downloads\Import_5\Import_5\6100_13797.6100.01_vedder\2.2_Electrical Items\04_Floor-Mirror Heating\Floorheating\Overview drawings\Overview_ALL DECKS-LD_MD.pdf,UNKNOWN,UNKNOWN,Drawing,0.4331524915317582,4,cached_multimodal_doc_classifier_v4.pkl
C:\Users\ashu\Downloads\Import_5\Import_5\6100_13797.6100.01_vedder\2.2_Electrical Items\03_Lights\Beach Club Backlight Stone\Applelec LED Panels2.pdf,OK,Manual,Manual,0.9258279875781394,4,cached_multimodal_doc_classifier_v4.pkl
C:\Users\ashu\Downloads\Import_5\Import_5\6100_13797.6100.01_vedder\2.2_Electrical Items\03_Lights\Downlight\KIT ELDOLED.PDF,UNKNOWN,UNKNOWN,Drawing,0.6559450871667434,4,cached_multimodal_doc_classifier_v4.pkl
C:\Users\ashu\Downloads\Import_5\Import_5\6100_13797.6100.01_vedder\2.2_Electrical Items\03_Lights\Downlight\L1_Cantalupi Lighting -TOP 8 R G FIX.pdf,UNKNOWN,UNKNOWN,Datasheet,0.5075944191404116,4,cached_multimodal_doc_classifier_v4.pkl
C:\Users\ashu\Downloads\Import_5\Import_5\6100_13797.6100.01_vedder\2.2_Electrical Items\03_Lights\Downlight\L2_Cantalupi Lighting - TOP 8 R G ADJ.pdf,UNKNOWN,UNKNOWN,Datasheet,0.5717906801695665,4,cached_multimodal_doc_classifier_v4.pkl
C:\Users\ashu\Downloads\Import_5\Import_5\6100_13797.6100.01_vedder\2.2_Electrical Items\03_Lights\Downlight\L60_Cantalupi Lighting - STEEL 8 R SP STEAM ROOM.pdf,UNKNOWN,UNKNOWN,Datasheet,0.5038117052192278,4,cached_multimodal_doc_classifier_v4.pkl
C:\Users\ashu\Downloads\Import_5\Import_5\6100_13797.6100.01_vedder\2.2_Electrical Items\03_Lights\Downlight\L61_morgan-2.pdf,UNKNOWN,UNKNOWN,Datasheet,0.48740444476741757,4,cached_multimodal_doc_classifier_v4.pkl
C:\Users\ashu\Downloads\Import_5\Import_5\6100_13797.6100.01_vedder\2.2_Electrical Items\03_Lights\Downlight\L6_Cantalupi Lighting - TOP 5 R ADJ CH AG.PDF,UNKNOWN,UNKNOWN,Datasheet,0.45188897987664917,4,cached_multimodal_doc_classifier_v4.pkl
C:\Users\ashu\Downloads\Import_5\Import_5\6100_13797.6100.01_vedder\2.2_Electrical Items\03_Lights\Reading Light\LGT-27_JETSTREAM ESCUTCHEON -LCCB0130-D24-D25-COMBINED-IS2.pdf,OK,Manual,Manual,0.8319223147408846,4,cached_multimodal_doc_classifier_v4.pkl
C:\Users\ashu\Downloads\Import_5\Import_5\6100_13797.6100.01_vedder\2.2_Electrical Items\03_Lights\Wall lights\Boardwalk_Wall lamp_Overview Vedder Area_2025-09-02.pdf,UNKNOWN,UNKNOWN,Drawing,0.5667858040858093,4,cached_multimodal_doc_classifier_v4.pkl
C:\Users\ashu\Downloads\Import_5\Import_5\6100_13797.6100.01_vedder\2.2_Electrical Items\03_Lights\Wall lights\LGT-02_Machine WS_24h X 12w X 6.5 proj_11-22-24.pdf,UNKNOWN,UNKNOWN,Drawing,0.6613555199194383,4,cached_multimodal_doc_classifier_v4.pkl
C:\Users\ashu\Downloads\Import_5\Import_5\6100_13797.6100.01_vedder\2.2_Electrical Items\03_Lights\Wall lights\LGT-03_Square Perspex WS_15h X 8.75w X 4proj_11-21-24.pdf,UNKNOWN,UNKNOWN,Drawing,0.6823738506325223,4,cached_multimodal_doc_classifier_v4.pkl
C:\Users\ashu\Downloads\Import_5\Import_5\6100_13797.6100.01_vedder\2.2_Electrical Items\03_Lights\Wall lights\LGT-08_Avenue WS - 5W X 20.25h X  6.25proj_11-22-24.pdf,UNKNOWN,UNKNOWN,Drawing,0.6691693621011489,4,cached_multimodal_doc_classifier_v4.pkl
C:\Users\ashu\Downloads\Import_5\Import_5\6100_13797.6100.01_vedder\2.2_Electrical Items\03_Lights\Wall lights\LGT-10_Paris WS_17.75h X 7w X 5.5proj_3-05-25.pdf,UNKNOWN,UNKNOWN,Drawing,0.6172043881563853,4,cached_multimodal_doc_classifier_v4.pkl
C:\Users\ashu\Downloads\Import_5\Import_5\6100_13797.6100.01_vedder\2.2_Electrical Items\03_Lights\Wall lights\LGT-17_Berlin Alabaster WS_10w X 24h X 8proj_11-21-24.pdf,UNKNOWN,UNKNOWN,Drawing,0.710828394379049,4,cached_multimodal_doc_classifier_v4.pkl
C:\Users\ashu\Downloads\Import_5\Import_5\6100_13797.6100.01_vedder\2.2_Electrical Items\03_Lights\Wall lights\LGT-19_Trailing Blossom Wall Light TWL68 Decayed Silver TWL68-DCS-CLR.pdf,UNKNOWN,UNKNOWN,Datasheet,0.6545895728895652,4,cached_multimodal_doc_classifier_v4.pkl
C:\Users\ashu\Downloads\Import_5\Import_5\6100_13797.6100.01_vedder\2.2_Electrical Items\03_Lights\Wall lights\LGT-20_Blossom Wall Light TWL48 Decayed Silver with Glass TWL48-DCS-CLR.pdf,UNKNOWN,UNKNOWN,Datasheet,0.650154443825314,4,cached_multimodal_doc_classifier_v4.pkl
C:\Users\ashu\Downloads\Import_5\Import_5\6100_13797.6100.01_vedder\2.2_Electrical Items\03_Lights\Wall lights\LGT-21_Alex Sconce.pdf,UNKNOWN,UNKNOWN,Manual,0.44583367912905236,4,cached_multimodal_doc_classifier_v4.pkl
C:\Users\ashu\Downloads\Import_5\Import_5\6100_13797.6100.01_vedder\2.2_Electrical Items\03_Lights\Wall lights\LGT-22_Marlin Bathroom Wall Light BWL04 Perspex - Nickel BWL04-CLR.pdf,UNKNOWN,UNKNOWN,Datasheet,0.6336257690066635,4,cached_multimodal_doc_classifier_v4.pkl
C:\Users\ashu\Downloads\Import_5\Import_5\6100_13797.6100.01_vedder\2.2_Electrical Items\03_Lights\Wall lights\LGT-24_Petra Lour WS_6W X 14H X 6.5proj_11-21-24.pdf,UNKNOWN,UNKNOWN,Drawing,0.6985924631132204,4,cached_multimodal_doc_classifier_v4.pkl
C:\Users\ashu\Downloads\Import_5\Import_5\6100_13797.6100.01_vedder\2.2_Electrical Items\03_Lights\Wall lights\LGT-26_Petra Mille WS 7W X 24H X 4.5PROJ_11-22-24.pdf,UNKNOWN,UNKNOWN,Drawing,0.6409066660329209,4,cached_multimodal_doc_classifier_v4.pkl
C:\Users\ashu\Downloads\Import_5\Import_5\6100_13797.6100.01_vedder\2.2_Electrical Items\03_Lights\Wall lights\LGT-30_Bacci Crystal WS_18h X 5w X 5proj_11-21-24.pdf,UNKNOWN,UNKNOWN,Drawing,0.6637850630204752,4,cached_multimodal_doc_classifier_v4.pkl
C:\Users\ashu\Downloads\Import_5\Import_5\6100_13797.6100.01_vedder\2.2_Electrical Items\03_Lights\Wall lights\LGT-33_BLD-SCN_BladeSconce_SpecSheet.pdf,UNKNOWN,UNKNOWN,Datasheet,0.4140003412056402,4,cached_multimodal_doc_classifier_v4.pkl
C:\Users\ashu\Downloads\Import_5\Import_5\6100_13797.6100.01_vedder\2.2_Electrical Items\03_Lights\Wall lights\LGT-37_Villano WS_10.75H X 6.75W X 5PROJ_11-22-24.pdf,UNKNOWN,UNKNOWN,Drawing,0.6494327837935289,4,cached_multimodal_doc_classifier_v4.pkl
C:\Users\ashu\Downloads\Import_5\Import_5\6100_13797.6100.01_vedder\2.2_Electrical Items\03_Lights\Wall lights\LGT-49_Galatea WS_4.5dia X 16h X 5.5proj_11-21-24.pdf,UNKNOWN,UNKNOWN,Drawing,0.6785396000587993,4,cached_multimodal_doc_classifier_v4.pkl
C:\Users\ashu\Downloads\Import_5\Import_5\6100_13797.6100.01_vedder\2.2_Electrical Items\03_Lights\Wall lights\LGT-50_ Kash Twist WS_11W X 18H X 7.75 Proj_11-21-24.pdf,UNKNOWN,UNKNOWN,Drawing,0.6370614497055547,4,cached_multimodal_doc_classifier_v4.pkl
C:\Users\ashu\Downloads\Import_5\Import_5\6100_13797.6100.01_vedder\2.2_Electrical Items\03_Lights\Wall lights\LGT-51_Huntington WS_18H X 3W X 3P_11-22-24.pdf,UNKNOWN,UNKNOWN,Drawing,0.7277337246804295,4,cached_multimodal_doc_classifier_v4.pkl
C:\Users\ashu\Downloads\Import_5\Import_5\6100_13797.6100.01_vedder\2.2_Electrical Items\03_Lights\Wall lights\LGT-62_VES-SCN_VestaSconce_SpecSheet.pdf,OK,Manual,Manual,0.8758853262960448,4,cached_multimodal_doc_classifier_v4.pkl
C:\Users\ashu\Downloads\Import_5\Import_5\6100_13797.6100.01_vedder\2.2_Electrical Items\03_Lights\Wall lights\LGT-85_Petra Mille WS 5W X 15H X 3 PROJ_3-21-25.pdf,UNKNOWN,UNKNOWN,Drawing,0.7374205621761699,4,cached_multimodal_doc_classifier_v4.pkl
C:\Users\ashu\Downloads\Import_5\Import_5\6100_13797.6100.01_vedder\2.2_Electrical Items\03_Lights\Chandelier\LGT-31_II Z 0 Beach Club Chandelier\LGT-31_049 488 030 - 94_Fixing_V8_2010_2025 07 25.pdf,UNKNOWN,UNKNOWN,Drawing,0.6852314505648844,4,cached_multimodal_doc_classifier_v4.pkl
C:\Users\ashu\Downloads\Import_5\Import_5\6100_13797.6100.01_vedder\2.2_Electrical Items\03_Lights\Chandelier\LGT-31_II Z 0 Beach Club Chandelier\LGT-31_049 488 030 - 94_Shopdrawing_V11_2010_2025 07 25.pdf,UNKNOWN,UNKNOWN,Drawing,0.7211660448652605,4,cached_multimodal_doc_classifier_v4.pkl
C:\Users\ashu\Downloads\Import_5\Import_5\6100_13797.6100.01_vedder\2.2_Electrical Items\03_Lights\Chandelier\LGT-35_V D 0 SD Staircase Chandelier\LGT-35_049 488 028 - 89_Fixing_V17_2025 05 22.pdf,UNKNOWN,UNKNOWN,Drawing,0.7203346648931221,4,cached_multimodal_doc_classifier_v4.pkl
C:\Users\ashu\Downloads\Import_5\Import_5\6100_13797.6100.01_vedder\2.2_Electrical Items\03_Lights\Chandelier\LGT-35_V D 0 SD Staircase Chandelier\LGT-35_049 488 028 - 89_Shopdrawing_V16_2025 05 22.pdf,UNKNOWN,UNKNOWN,Drawing,0.7102299305298665,4,cached_multimodal_doc_classifier_v4.pkl
C:\Users\ashu\Downloads\Import_5\Import_5\6100_13797.6100.01_vedder\2.2_Electrical Items\03_Lights\Chandelier\LGT-63_VI B 0_GD Guest Corridor MID_AFT\LGT-63_ 10-08-24_ R1.pdf,UNKNOWN,UNKNOWN,Drawing,0.688262694976349,4,cached_multimodal_doc_classifier_v4.pkl
C:\Users\ashu\Downloads\Import_5\Import_5\6100_13797.6100.01_vedder\2.2_Electrical Items\03_Lights\Chandelier\LGT-64_VI H 5_MD Corridor Chandelier\FL4075_LGT-64_Rect Anello - 39.5L x 15.75W x 5.5bh x 12.875oah_11-22-24.pdf,UNKNOWN,UNKNOWN,Drawing,0.7093600917102357,4,cached_multimodal_doc_classifier_v4.pkl
C:\Users\ashu\Downloads\Import_5\Import_5\6100_13797.6100.01_vedder\2.2_Electrical Items\03_Lights\Chandelier\LGT-73_VI B 0_GD Guest Corridor FWD\LGT-73_050 487 077-56_Electric_V2_2025 04 10.pdf,UNKNOWN,UNKNOWN,Drawing,0.50112298801272,4,cached_multimodal_doc_classifier_v4.pkl
C:\Users\ashu\Downloads\Import_5\Import_5\6100_13797.6100.01_vedder\2.2_Electrical Items\03_Lights\Chandelier\LGT-73_VI B 0_GD Guest Corridor FWD\LGT-73_050 489 077-56_Fixing_V2_2025 04 10.pdf,UNKNOWN,UNKNOWN,Drawing,0.6848575860873731,4,cached_multimodal_doc_classifier_v4.pkl
C:\Users\ashu\Downloads\Import_5\Import_5\6100_13797.6100.01_vedder\2.2_Electrical Items\03_Lights\Chandelier\LGT-73_VI B 0_GD Guest Corridor FWD\Výkres - 4903166_SESTAVA - List_1.pdf,UNKNOWN,UNKNOWN,Datasheet,0.4955505502291613,4,cached_multimodal_doc_classifier_v4.pkl
C:\Users\ashu\Downloads\Import_5\Import_5\6100_13797.6100.01_vedder\2.2_Electrical Items\02_Built_in_Units\02_Safe\20230324_Safes Zenith-Range-Product-Sheet.pdf,UNKNOWN,UNKNOWN,Manual,0.5677568331864824,4,cached_multimodal_doc_classifier_v4.pkl
C:\Users\ashu\Downloads\Import_5\Import_5\6100_13797.6100.01_vedder\2.2_Electrical Items\02_Built_in_Units\02_Safe\Safe_PinKey_Quickreference_English.pdf,UNKNOWN,UNKNOWN,Manual,0.7408667888468509,4,cached_multimodal_doc_classifier_v4.pkl
C:\Users\ashu\Downloads\Import_5\Import_5\6100_13797.6100.01_vedder\2.2_Electrical Items\02_Built_in_Units\03_Minibar\Frigonautica_FRS50RC_ENG_R04.pdf,UNKNOWN,UNKNOWN,Drawing,0.4956833581237779,4,cached_multimodal_doc_classifier_v4.pkl
C:\Users\ashu\Downloads\Import_5\Import_5\6100_13797.6100.01_vedder\2.2_Electrical Items\02_Built_in_Units\04_TV lift\Boari_DISMANTLING INSTRUCTION – GD VIP CABIN TV CABINET + LIFT.pdf,UNKNOWN,UNKNOWN,Datasheet,0.49904678487023746,4,cached_multimodal_doc_classifier_v4.pkl
C:\Users\ashu\Downloads\Import_5\Import_5\6100_13797.6100.01_vedder\2.2_Electrical Items\02_Built_in_Units\04_TV lift\Lift System_LSH-B2B-M - SAM55 - TECH ISSUE001.PDF,UNKNOWN,UNKNOWN,Drawing,0.5370044598415877,4,cached_multimodal_doc_classifier_v4.pkl
C:\Users\ashu\Downloads\Import_5\Import_5\6100_13797.6100.01_vedder\2.2_Electrical Items\02_Built_in_Units\04_TV lift\Lift System_lsm-s-be-instructions.pdf,OK,Manual,Manual,0.9468398610334187,4,cached_multimodal_doc_classifier_v4.pkl
C:\Users\ashu\Downloads\Import_5\Import_5\6100_13797.6100.01_vedder\2.2_Electrical Items\02_Built_in_Units\04_TV lift\Mechanism Control Swivel 011.PDF,UNKNOWN,UNKNOWN,Manual,0.6632708422667545,4,cached_multimodal_doc_classifier_v4.pkl
C:\Users\ashu\Downloads\Import_5\Import_5\6100_13797.6100.01_vedder\2.2_Electrical Items\02_Built_in_Units\04_TV lift\Miniature Safety Edge EKS 038_EN.pdf,OK,Manual,Manual,0.8944873954469514,4,cached_multimodal_doc_classifier_v4.pkl
C:\Users\ashu\Downloads\Import_5\Import_5\6100_13797.6100.01_vedder\2.2_Electrical Items\02_Built_in_Units\04_TV lift\Risk_assessment-TV_Lifter.pdf,UNKNOWN,UNKNOWN,Manual,0.4163087121879892,4,cached_multimodal_doc_classifier_v4.pkl
C:\Users\ashu\Downloads\Import_5\Import_5\6100_13797.6100.01_vedder\2.2_Electrical Items\02_Built_in_Units\05_dart board\Dartsee wiring instructions.pdf,UNKNOWN,UNKNOWN,Datasheet,0.486859792015807,4,cached_multimodal_doc_classifier_v4.pkl
C:\Users\ashu\Downloads\Import_5\Import_5\6100_13797.6100.01_vedder\2.2_Electrical Items\02_Built_in_Units\05_dart board\FILE 1_SENT JAN 14 2024 Built-in Dartsee requirements and documentation.pdf,OK,Manual,Manual,0.8318668997960362,4,cached_multimodal_doc_classifier_v4.pkl
C:\Users\ashu\Downloads\Import_5\Import_5\6100_13797.6100.01_vedder\2.2_Electrical Items\02_Built_in_Units\05_dart board\FILE 2_SENT JAN 14 2024Dartsee+competitive+socialising.pdf,UNKNOWN,UNKNOWN,Manual,0.37607489581183934,4,cached_multimodal_doc_classifier_v4.pkl
C:\Users\ashu\Downloads\Import_5\Import_5\6100_13797.6100.01_vedder\2.2_Electrical Items\02_Built_in_Units\05_dart board\tablines-twp-tablet-wall mount plug-3.pdf,UNKNOWN,UNKNOWN,Manual,0.5135581709155003,4,cached_multimodal_doc_classifier_v4.pkl
C:\Users\ashu\Downloads\Import_5\Import_5\6100_13797.6100.01_vedder\2.2_Electrical Items\02_Built_in_Units\05_dart board\tablines-twp030-wall mount-samsung-tab-s9plus-12-4-drawing.pdf,UNKNOWN,UNKNOWN,Drawing,0.5885935010412516,4,cached_multimodal_doc_classifier_v4.pkl
C:\Users\ashu\Downloads\Import_5\Import_5\6100_13797.6100.01_vedder\2.2_Electrical Items\02_Built_in_Units\01_Bar\2.2.5_Refrigerator\Perlick HH.pdf,OK,Manual,Manual,0.9225337675261865,4,cached_multimodal_doc_classifier_v4.pkl
C:\Users\ashu\Downloads\Import_5\Import_5\6100_13797.6100.01_vedder\2.2_Electrical Items\02_Built_in_Units\01_Bar\2.2.5_Refrigerator\Perlick HH24RS_RO_Door_Spec_Sheet.pdf,UNKNOWN,UNKNOWN,Datasheet,0.3683261940616523,4,cached_multimodal_doc_classifier_v4.pkl
C:\Users\ashu\Downloads\Import_5\Import_5\6100_13797.6100.01_vedder\2.2_Electrical Items\02_Built_in_Units\01_Bar\2.2.6_ICE maker\Frequency Converter_e102829.pdf,UNKNOWN,UNKNOWN,Datasheet,0.40693617704407425,4,cached_multimodal_doc_classifier_v4.pkl
C:\Users\ashu\Downloads\Import_5\Import_5\6100_13797.6100.01_vedder\2.2_Electrical Items\02_Built_in_Units\01_Bar\2.2.6_ICE maker\ICE maker_Hoshizaki_IM-30CWPE_M110-D002-en.pdf,UNKNOWN,UNKNOWN,Datasheet,0.42742427105478015,4,cached_multimodal_doc_classifier_v4.pkl
C:\Users\ashu\Downloads\Import_5\Import_5\6100_13797.6100.01_vedder\2.2_Electrical Items\02_Built_in_Units\01_Bar\2.2.6_ICE maker\ICE maker_Hoshizaki_IM_Gen2_L1M113294_full.pdf,UNKNOWN,UNKNOWN,Manual,0.6975880511542704,4,cached_multimodal_doc_classifier_v4.pkl
C:\Users\ashu\Downloads\Import_5\Import_5\6100_13797.6100.01_vedder\2.2_Electrical Items\01_Blinds and Curtains\Motors\Somfy\Datasheet SONESSE 50 RS485 range 1 2015.pdf,UNKNOWN,UNKNOWN,Drawing,0.46786547007986656,4,cached_multimodal_doc_classifier_v4.pkl
C:\Users\ashu\Downloads\Import_5\Import_5\6100_13797.6100.01_vedder\2.2_Electrical Items\01_Blinds and Curtains\Motors\Somfy\Installation Wiring\Sonesse 50 RS485 instruction manual 5106220C.pdf,UNKNOWN,UNKNOWN,Datasheet,0.32784859818741474,4,cached_multimodal_doc_classifier_v4.pkl
C:\Users\ashu\Downloads\Import_5\Import_5\6100_13797.6100.01_vedder\2.2_Electrical Items\01_Blinds and Curtains\Motors\Lutron_VIP Skylight\Datasheet\Motor Sivoia QS Roller 300.pdf,OK,Manual,Manual,0.7630765618188807,4,cached_multimodal_doc_classifier_v4.pkl
C:\Users\ashu\Downloads\Import_5\Import_5\6100_13797.6100.01_vedder\2.2_Electrical Items\01_Blinds and Curtains\Motors\Lutron_VIP Skylight\Wiring Programming\045489b - WIN-PS Install Guide.pdf,UNKNOWN,UNKNOWN,Manual,0.34937519809748996,4,cached_multimodal_doc_classifier_v4.pkl
C:\Users\ashu\Downloads\Import_5\Import_5\6100_13797.6100.01_vedder\2.2_Electrical Items\01_Blinds and Curtains\Motors\Lutron_VIP Skylight\Wiring Programming\085329_QS_Link_Power_Supply_35V.pdf,UNKNOWN,UNKNOWN,Manual,0.4190673572323287,4,cached_multimodal_doc_classifier_v4.pkl
C:\Users\ashu\Downloads\Import_5\Import_5\6100_13797.6100.01_vedder\2.2_Electrical Items\01_Blinds and Curtains\Motors\Lutron_VIP Skylight\Wiring Programming\13797_240529_BUL_G0119235_Lutron_Controlbox_with_KNX-Interface_Rev00.pdf,UNKNOWN,UNKNOWN,Datasheet,0.5152367782269567,4,cached_multimodal_doc_classifier_v4.pkl
C:\Users\ashu\Downloads\Import_5\Import_5\6100_13797.6100.01_vedder\2.2_Electrical Items\01_Blinds and Curtains\Motors\Lutron_VIP Skylight\Wiring Programming\SivoiaQS - Setup end position.pdf,UNKNOWN,UNKNOWN,Manual,0.6602046166142221,4,cached_multimodal_doc_classifier_v4.pkl
C:\Users\ashu\Downloads\Import_5\Import_5\6100_13797.6100.01_vedder\2.2_Electrical Items\01_Blinds and Curtains\KNX_control\Lutron_VIP Skylight\Lutron 045-156 REVB tensioned shade 09_02 (1).pdf,OK,Manual,Manual,0.9618130747617808,4,cached_multimodal_doc_classifier_v4.pkl
C:\Users\ashu\Downloads\Import_5\Import_5\6100_13797.6100.01_vedder\2.2_Electrical Items\01_Blinds and Curtains\KNX_control\Lutron_VIP Skylight\Lutron Skylight auf KNX QSE-CI-WCI Specification 369681a_ENG.pdf,OK,Manual,Manual,0.8395904887827038,4,cached_multimodal_doc_classifier_v4.pkl
C:\Users\ashu\Downloads\Import_5\Import_5\6100_13797.6100.01_vedder\2.2_Electrical Items\01_Blinds and Curtains\KNX_control\Lutron_VIP Skylight\Trafo 085329_QS_Link_Power_Supply_35V.pdf,UNKNOWN,UNKNOWN,Manual,0.4190673572323287,4,cached_multimodal_doc_classifier_v4.pkl
C:\Users\ashu\Downloads\Import_5\Import_5\6100_13797.6100.01_vedder\2.2_Electrical Items\01_Blinds and Curtains\KNX_control\Somfy_Black-out_Silhouett\animeo-ip-rs485-terminator20140625_ds.pdf,UNKNOWN,UNKNOWN,Datasheet,0.6096083352769799,4,cached_multimodal_doc_classifier_v4.pkl
C:\Users\ashu\Downloads\Import_5\Import_5\6100_13797.6100.01_vedder\2.2_Electrical Items\01_Blinds and Curtains\KNX_control\Somfy_Black-out_Silhouett\animeo-ip-rs4856xrj45-bridging-adaptor_20140625_ds.pdf,UNKNOWN,UNKNOWN,Datasheet,0.6070695738564403,4,cached_multimodal_doc_classifier_v4.pkl
C:\Users\ashu\Downloads\Import_5\Import_5\6100_13797.6100.01_vedder\2.2_Electrical Items\01_Blinds and Curtains\KNX_control\Somfy_Black-out_Silhouett\animeo-knxrs485-moco-18-_1860286_5134039d_2020226_en.pdf,OK,Manual,Manual,0.9682152535080709,4,cached_multimodal_doc_classifier_v4.pkl
C:\Users\ashu\Downloads\Import_5\Import_5\6100_13797.6100.01_vedder\2.2_Electrical Items\01_Blinds and Curtains\KNX_control\Somfy_Black-out_Silhouett\WAGO Winsta Midi Weiß 3-polig Stecker 770-133.pdf,UNKNOWN,UNKNOWN,Certificate,0.5220157942547685,4,cached_multimodal_doc_classifier_v4.pkl
C:\Users\ashu\Downloads\Import_5\Import_5\6100_13797.6100.01_vedder\2.2_Electrical Items\01_Blinds and Curtains\KNX_control\Somfy_Black-out_Silhouett\Wiring regulations - Somfy RS485.pdf,UNKNOWN,UNKNOWN,Datasheet,0.7101476898673168,4,cached_multimodal_doc_classifier_v4.pkl
C:\Users\ashu\Downloads\Import_5\Import_5\6100_13797.6100.01_vedder\2.1_Sanitary Items\Sanitary_data sheets\Geberit;  Siphon;  151.107.11.1;  Geberit Washbasin economizer siphon.pdf,UNKNOWN,UNKNOWN,Datasheet,0.5924169959348559,4,cached_multimodal_doc_classifier_v4.pkl
C:\Users\ashu\Downloads\Import_5\Import_5\6100_13797.6100.01_vedder\2.1_Sanitary Items\Sanitary_data sheets\Ginger;  Glass Accessory Shelf;  1135T-18 ;  Ginger Chelsea 18 Gallery Rail Shelf .pdf,UNKNOWN,UNKNOWN,Datasheet,0.5601237038174716,4,cached_multimodal_doc_classifier_v4.pkl
C:\Users\ashu\Downloads\Import_5\Import_5\6100_13797.6100.01_vedder\2.1_Sanitary Items\Sanitary_data sheets\Houzer;  Sink;  Model CS-1105;  Houzer Club 9 14 Single Basin Undermount 18 Guage with Sound Dampening Technology.pdf,UNKNOWN,UNKNOWN,Datasheet,0.4416405784490204,4,cached_multimodal_doc_classifier_v4.pkl
C:\Users\ashu\Downloads\Import_5\Import_5\6100_13797.6100.01_vedder\2.1_Sanitary Items\Sanitary_data sheets\Kartners;  Tumbler;  144660;  TUMBLER WITH HOLDER  Oslo Collection.pdf,UNKNOWN,UNKNOWN,Datasheet,0.4474457186381583,4,cached_multimodal_doc_classifier_v4.pkl
C:\Users\ashu\Downloads\Import_5\Import_5\6100_13797.6100.01_vedder\2.1_Sanitary Items\Sanitary_data sheets\Kohler;  Sink;  K-2881 ;  Verticyl Oval Undermount Sink. Size 17 x 14 x 3 18 .pdf,UNKNOWN,UNKNOWN,Datasheet,0.37838168694166185,4,cached_multimodal_doc_classifier_v4.pkl
C:\Users\ashu\Downloads\Import_5\Import_5\6100_13797.6100.01_vedder\2.1_Sanitary Items\Sanitary_data sheets\Kohler;  Sink;  K-2882 ;  Kohler Verticyl Rectangular Undermount Sink. Size 19 1316l x 6 34h x 15 58w.pdf,UNKNOWN,UNKNOWN,Datasheet,0.3703279537894916,4,cached_multimodal_doc_classifier_v4.pkl
C:\Users\ashu\Downloads\Import_5\Import_5\6100_13797.6100.01_vedder\2.1_Sanitary Items\Sanitary_data sheets\Kohler;  Slotted overflow ;  K-7272-SN;  Bath drain.pdf,UNKNOWN,UNKNOWN,Datasheet,0.4030207862066725,4,cached_multimodal_doc_classifier_v4.pkl
C:\Users\ashu\Downloads\Import_5\Import_5\6100_13797.6100.01_vedder\2.1_Sanitary Items\Sanitary_data sheets\Kohler;  Tub ;  K-1130-0 ;  Kohler Underscore Rectangle Drop In Size 60” l x 21”h x 32”w.pdf,UNKNOWN,UNKNOWN,Datasheet,0.40785566186374195,4,cached_multimodal_doc_classifier_v4.pkl
C:\Users\ashu\Downloads\Import_5\Import_5\6100_13797.6100.01_vedder\2.1_Sanitary Items\Sanitary_data sheets\Nameeks;  Robe Hook;  NNBL0027;  Robe Hook.pdf,UNKNOWN,UNKNOWN,Datasheet,0.49224597341551307,4,cached_multimodal_doc_classifier_v4.pkl
C:\Users\ashu\Downloads\Import_5\Import_5\6100_13797.6100.01_vedder\2.1_Sanitary Items\Sanitary_data sheets\samuel heath finish warranty us issue A 20-02-2024.pdf,UNKNOWN,UNKNOWN,Manual,0.6877362263626473,4,cached_multimodal_doc_classifier_v4.pkl
C:\Users\ashu\Downloads\Import_5\Import_5\6100_13797.6100.01_vedder\2.1_Sanitary Items\Sanitary_data sheets\Samuel Heath;  18 Towel Bar;  N6655;  Style Moderne 18 Towel Bar Style .pdf,UNKNOWN,UNKNOWN,Datasheet,0.5730642834912363,4,cached_multimodal_doc_classifier_v4.pkl
C:\Users\ashu\Downloads\Import_5\Import_5\6100_13797.6100.01_vedder\2.1_Sanitary Items\Sanitary_data sheets\Samuel Heath;  24 Towel Bar;  N6655-A;  Style Moderne 24 Towel Bar Style N6655-A.pdf,UNKNOWN,UNKNOWN,Datasheet,0.5830963908496418,4,cached_multimodal_doc_classifier_v4.pkl
C:\Users\ashu\Downloads\Import_5\Import_5\6100_13797.6100.01_vedder\2.1_Sanitary Items\Sanitary_data sheets\Samuel Heath;  Adjustable Shower ;  V670-KIT;  Slider rail kit.pdf,UNKNOWN,UNKNOWN,Datasheet,0.6318728755008336,4,cached_multimodal_doc_classifier_v4.pkl
C:\Users\ashu\Downloads\Import_5\Import_5\6100_13797.6100.01_vedder\2.1_Sanitary Items\Sanitary_data sheets\Samuel Heath;  Faucet;  V6K17M-PN;  3 Hole wall mounted basin filler.pdf,UNKNOWN,UNKNOWN,Datasheet,0.44423594803748323,4,cached_multimodal_doc_classifier_v4.pkl
C:\Users\ashu\Downloads\Import_5\Import_5\6100_13797.6100.01_vedder\2.1_Sanitary Items\Sanitary_data sheets\Samuel Heath;  Faucet;  V6KA16-M  ;  3 Hole lavatory filler with pop-up waste.pdf,UNKNOWN,UNKNOWN,Datasheet,0.40328598857066367,4,cached_multimodal_doc_classifier_v4.pkl
C:\Users\ashu\Downloads\Import_5\Import_5\6100_13797.6100.01_vedder\2.1_Sanitary Items\Sanitary_data sheets\Samuel Heath;  Faucet;  V6KA16MB ;  3 Hole lavatory filler with pop-up waste.pdf,UNKNOWN,UNKNOWN,Certificate,0.41073693353410873,4,cached_multimodal_doc_classifier_v4.pkl
"C:\Users\ashu\Downloads\Import_5\Import_5\6100_13797.6100.01_vedder\2.1_Sanitary Items\Sanitary_data sheets\Samuel Heath;  Fixed Shower;  V679–A-PN ;  Adjustable, easy clean shower head.pdf",UNKNOWN,UNKNOWN,Datasheet,0.48803060182336677,4,cached_multimodal_doc_classifier_v4.pkl
C:\Users\ashu\Downloads\Import_5\Import_5\6100_13797.6100.01_vedder\2.1_Sanitary Items\Sanitary_data sheets\Samuel Heath;  Rainshower;  V188;  200mm Easy clean shower head.pdf,UNKNOWN,UNKNOWN,Datasheet,0.4519011570639734,4,cached_multimodal_doc_classifier_v4.pkl
C:\Users\ashu\Downloads\Import_5\Import_5\6100_13797.6100.01_vedder\2.1_Sanitary Items\Sanitary_data sheets\Samuel Heath;  Shower Baskets;  N158-GXL ;  Corner Shower Basket .pdf,UNKNOWN,UNKNOWN,Datasheet,0.548395092339012,4,cached_multimodal_doc_classifier_v4.pkl
C:\Users\ashu\Downloads\Import_5\Import_5\6100_13797.6100.01_vedder\2.1_Sanitary Items\Sanitary_data sheets\Samuel Heath;  Shower GrabTowel Bar;  N6760-B;  Grab Bar Size 17.95”w x 2.51”d Style .pdf,UNKNOWN,UNKNOWN,Datasheet,0.585072026092822,4,cached_multimodal_doc_classifier_v4.pkl
"C:\Users\ashu\Downloads\Import_5\Import_5\6100_13797.6100.01_vedder\2.1_Sanitary Items\Sanitary_data sheets\Samuel Heath;  Thermostatic ;   S314;   Bespoke shower S314      UP Teile     V607-AIS x2,  V133-AIS x1.pdf",UNKNOWN,UNKNOWN,Datasheet,0.49182104303459245,4,cached_multimodal_doc_classifier_v4.pkl
C:\Users\ashu\Downloads\Import_5\Import_5\6100_13797.6100.01_vedder\2.1_Sanitary Items\Sanitary_data sheets\Samuel Heath;  Thermostatic ;   V133 - IS;  34 Concealed thermostatic valve.pdf,UNKNOWN,UNKNOWN,Datasheet,0.4864409698140822,4,cached_multimodal_doc_classifier_v4.pkl
C:\Users\ashu\Downloads\Import_5\Import_5\6100_13797.6100.01_vedder\2.1_Sanitary Items\Sanitary_data sheets\Samuel Heath;  Thermostatic ;   V600-T2M;  Trim set for V133-IS thermostatic valve.pdf,UNKNOWN,UNKNOWN,Datasheet,0.4482000541180213,4,cached_multimodal_doc_classifier_v4.pkl
C:\Users\ashu\Downloads\Import_5\Import_5\6100_13797.6100.01_vedder\2.1_Sanitary Items\Sanitary_data sheets\Samuel Heath;  Thermostatic ;  V607-TM;  Trim set for V607-IS flow control.pdf,UNKNOWN,UNKNOWN,Datasheet,0.4430467724597888,4,cached_multimodal_doc_classifier_v4.pkl
C:\Users\ashu\Downloads\Import_5\Import_5\6100_13797.6100.01_vedder\2.1_Sanitary Items\Sanitary_data sheets\Samuel Heath;  Tissue Holder;  N6652;  Style Moderne Tissue Holder Style  .pdf,UNKNOWN,UNKNOWN,Datasheet,0.6126347106279639,4,cached_multimodal_doc_classifier_v4.pkl
C:\Users\ashu\Downloads\Import_5\Import_5\6100_13797.6100.01_vedder\2.1_Sanitary Items\Sanitary_data sheets\Samuel Heath;  Toilet Brush;  L42-PN;  Xenon Wall Mounted Toilet Brush.pdf,UNKNOWN,UNKNOWN,Datasheet,0.6071000199087964,4,cached_multimodal_doc_classifier_v4.pkl
C:\Users\ashu\Downloads\Import_5\Import_5\6100_13797.6100.01_vedder\2.1_Sanitary Items\Sanitary_data sheets\Samuel Heath;  Towel Ring;  N6698-6;  Style Moderne 6” Towel Ring Style .pdf,UNKNOWN,UNKNOWN,Datasheet,0.6176909158884952,4,cached_multimodal_doc_classifier_v4.pkl
C:\Users\ashu\Downloads\Import_5\Import_5\6100_13797.6100.01_vedder\2.1_Sanitary Items\Sanitary_data sheets\Samuel Heath;  Tub Faucet ;  V6KA48 M PN;  4 Hole tub filler.pdf,UNKNOWN,UNKNOWN,Certificate,0.42171084068306874,4,cached_multimodal_doc_classifier_v4.pkl
C:\Users\ashu\Downloads\Import_5\Import_5\6100_13797.6100.01_vedder\2.1_Sanitary Items\Sanitary_data sheets\Samuel Heath;  Tub Faucet;   V118-AIS-XX;  base part for Tub V6K47M-PN   .pdf,UNKNOWN,UNKNOWN,Datasheet,0.576213493932659,4,cached_multimodal_doc_classifier_v4.pkl
C:\Users\ashu\Downloads\Import_5\Import_5\6100_13797.6100.01_vedder\2.1_Sanitary Items\Sanitary_data sheets\Samuel Heath;  Tub Faucet;  V6K47M-PN;  3 Hole wall mounted tub filler.pdf,UNKNOWN,UNKNOWN,Certificate,0.41367578209742517,4,cached_multimodal_doc_classifier_v4.pkl
C:\Users\ashu\Downloads\Import_5\Import_5\6100_13797.6100.01_vedder\2.1_Sanitary Items\Sanitary_data sheets\samuel.heath.and.sons.plc.limited.warranty.us-issue.b.20-4-21.pdf,UNKNOWN,UNKNOWN,Manual,0.5527528629202724,4,cached_multimodal_doc_classifier_v4.pkl
C:\Users\ashu\Downloads\Import_5\Import_5\6100_13797.6100.01_vedder\2.1_Sanitary Items\Sanitary_data sheets\Waterworks;  Faucet;   HNLS23  SKU07-03229-14002;  Henry Gooseneck Three Hole Deck Mounted Lavatory Faucet with Coin Edge Cylinders and Metal Cross Handles.pdf,UNKNOWN,UNKNOWN,Datasheet,0.451604298439713,4,cached_multimodal_doc_classifier_v4.pkl
C:\Users\ashu\Downloads\Import_5\Import_5\6100_13797.6100.01_vedder\2.1_Sanitary Items\Sanitary_data sheets\Waterworks;  Faucet;  PTKM35   07-11980-42585;  .25 One Hole High Profile Bar Faucet Short Metal Handle .pdf,UNKNOWN,UNKNOWN,Datasheet,0.44649658386414326,4,cached_multimodal_doc_classifier_v4.pkl
C:\Users\ashu\Downloads\Import_5\Import_5\6100_13797.6100.01_vedder\2.1_Sanitary Items\Sanitary_data sheets\Waterworks;  Sink;  NOLV33 SKU 11-93385-74967;  Undermount Normady Sink Size 21 58” x 14 916” x 6 78”.pdf,UNKNOWN,UNKNOWN,Datasheet,0.5815967988849027,4,cached_multimodal_doc_classifier_v4.pkl
C:\Users\ashu\Downloads\Import_5\Import_5\6100_13797.6100.01_vedder\2.1_Sanitary Items\Sanitary_data sheets\Waterworks;  Tissue Holder;  EAPH38;   Easton Tissue Holder Style 22-96790-47370    .pdf,UNKNOWN,UNKNOWN,Datasheet,0.6278435018600024,4,cached_multimodal_doc_classifier_v4.pkl
C:\Users\ashu\Downloads\Import_5\Import_5\6100_13797.6100.01_vedder\2.1_Sanitary Items\Sanitary_data sheets\Waterworks;  Towel Ring;  HNTB01 Sku 22-67573-76854;  Henry Bath Accessories 6 Towel Ring.pdf,UNKNOWN,UNKNOWN,Datasheet,0.5145179430087734,4,cached_multimodal_doc_classifier_v4.pkl
C:\Users\ashu\Downloads\Import_5\Import_5\6100_13797.6100.01_vedder\2.1_Sanitary Items\Steam shower\01_datasheet Steam Generator\standardline-Manual-eldb-en.pdf,OK,Manual,Manual,0.9906713354486167,4,cached_multimodal_doc_classifier_v4.pkl
C:\Users\ashu\Downloads\Import_5\Import_5\6100_13797.6100.01_vedder\2.1_Sanitary Items\Steam shower\01_datasheet Steam Generator\standardline-Manual.pdf,OK,Manual,Manual,0.9913821197623421,4,cached_multimodal_doc_classifier_v4.pkl
C:\Users\ashu\Downloads\Import_5\Import_5\6100_13797.6100.01_vedder\2.1_Sanitary Items\Steam shower\01_datasheet Steam Generator\standerdline-data sheet.pdf,UNKNOWN,UNKNOWN,Datasheet,0.4875041565233457,4,cached_multimodal_doc_classifier_v4.pkl
C:\Users\ashu\Downloads\Import_5\Import_5\6100_13797.6100.01_vedder\2.1_Sanitary Items\Steam shower\02_datasheet steam romm control\Steam Room Control Operating Manual.pdf,OK,Manual,Manual,0.9832161404526208,4,cached_multimodal_doc_classifier_v4.pkl
C:\Users\ashu\Downloads\Import_5\Import_5\6100_13797.6100.01_vedder\2.1_Sanitary Items\Steam shower\02_datasheet steam romm control\Steam Room Control Operating Manual_B_FCU5xxx_EN.pdf,OK,Manual,Manual,0.9824011725921984,4,cached_multimodal_doc_classifier_v4.pkl
C:\Users\ashu\Downloads\Import_5\Import_5\6100_13797.6100.01_vedder\2.1_Sanitary Items\Steam shower\02_datasheet steam romm control\Steam Room Control wire plan.pdf,UNKNOWN,UNKNOWN,Datasheet,0.41818681273671543,4,cached_multimodal_doc_classifier_v4.pkl
C:\Users\ashu\Downloads\Import_5\Import_5\6100_13797.6100.01_vedder\2.1_Sanitary Items\Steam shower\02_datasheet steam romm control\Steam RoomControl Installation Instruction.pdf,OK,Manual,Manual,0.9752760907842404,4,cached_multimodal_doc_classifier_v4.pkl
C:\Users\ashu\Downloads\Import_5\Import_5\6100_13797.6100.01_vedder\2.1_Sanitary Items\Steam shower\03_datasheet fragrance pump\datasheet fragrance pump.pdf,UNKNOWN,UNKNOWN,Datasheet,0.5052527715126773,4,cached_multimodal_doc_classifier_v4.pkl
"C:\Users\ashu\Downloads\Import_5\Import_5\6100_13797.6100.01_vedder\2.1_Sanitary Items\Sanitary_data sheets\EVAC_TOTO\6580442 Evac Optima 5, Wall model Prestige technical data sheet.pdf",UNKNOWN,UNKNOWN,Datasheet,0.48179844637723135,4,cached_multimodal_doc_classifier_v4.pkl
C:\Users\ashu\Downloads\Import_5\Import_5\6100_13797.6100.01_vedder\2.1_Sanitary Items\Sanitary_data sheets\EVAC_TOTO\EVAC VACUUM TOILETS EVAC OPTIMA 5 EVAC 912 EVAC 910.pdf,UNKNOWN,UNKNOWN,Datasheet,0.3200069769982175,4,cached_multimodal_doc_classifier_v4.pkl
C:\Users\ashu\Downloads\Import_5\Import_5\6100_13797.6100.01_vedder\2.1_Sanitary Items\Sanitary_data sheets\EVAC_TOTO\EVAC;  Toilet ;  N11625735;   EVAC Optima 5  TOTO.pdf,UNKNOWN,UNKNOWN,Drawing,0.6357198544976268,4,cached_multimodal_doc_classifier_v4.pkl
C:\Users\ashu\Downloads\Import_5\Import_5\6100_13797.6100.01_vedder\2.1_Sanitary Items\Sanitary_data sheets\EVAC_TOTO\Herga-Mini-Push-Button_Typ_6438_Variohm.pdf,UNKNOWN,UNKNOWN,Datasheet,0.45974293334646404,4,cached_multimodal_doc_classifier_v4.pkl
C:\Users\ashu\Downloads\Import_5\Import_5\6100_13797.6100.01_vedder\2.1_Sanitary Items\Sanitary_data sheets\EVAC_TOTO\N11721741 Technical Data Sheet_Toto Washlet - Asia.pdf,UNKNOWN,UNKNOWN,Datasheet,0.46782427211966426,4,cached_multimodal_doc_classifier_v4.pkl
C:\Users\ashu\Downloads\Import_5\Import_5\6100_13797.6100.01_vedder\2.1_Sanitary Items\Sanitary_data sheets\EVAC_TOTO\TOTO;  Toilet seat washlet;  N11721741;  EVAC Optima 5 WASHLET .pdf,UNKNOWN,UNKNOWN,Drawing,0.7307924849129204,4,cached_multimodal_doc_classifier_v4.pkl
C:\Users\ashu\Downloads\Import_5\Import_5\6100_13797.6100.01_vedder\1.6_Workshop drawings\Drawing List\The index of Boardwalk workshop drawings.pdf,UNKNOWN,UNKNOWN,Datasheet,0.6032136434023401,4,cached_multimodal_doc_classifier_v4.pkl
C:\Users\ashu\Downloads\Import_5\Import_5\6100_13797.6100.01_vedder\1.6_Workshop drawings\Area 604\V D 4_DAYHEAD\13797-6120-K-604-001_03.pdf,OK,Drawing,Drawing,0.8241998185677913,4,cached_multimodal_doc_classifier_v4.pkl
C:\Users\ashu\Downloads\Import_5\Import_5\6100_13797.6100.01_vedder\1.6_Workshop drawings\Area 604\V D 5_DAYHEAD\13797-6120-K-604-002_02.pdf,OK,Drawing,Drawing,0.8291998185677913,4,cached_multimodal_doc_classifier_v4.pkl
C:\Users\ashu\Downloads\Import_5\Import_5\6100_13797.6100.01_vedder\1.6_Workshop drawings\Area 507\VI C 1_DAYHEAD\13797-6120-K-507-001_03.pdf,OK,Drawing,Drawing,0.8188244927909387,4,cached_multimodal_doc_classifier_v4.pkl
C:\Users\ashu\Downloads\Import_5\Import_5\6100_13797.6100.01_vedder\1.6_Workshop drawings\Area 507\VI C 3_LOBBY\13797_6120_K_507_003_03.pdf,OK,Drawing,Drawing,0.8386943905473275,4,cached_multimodal_doc_classifier_v4.pkl
C:\Users\ashu\Downloads\Import_5\Import_5\6100_13797.6100.01_vedder\1.6_Workshop drawings\Area 504_SD\V D 0_STAIRCASE\13797_6120_K_504_015_02.pdf,OK,Drawing,Drawing,0.8285548349679792,4,cached_multimodal_doc_classifier_v4.pkl
C:\Users\ashu\Downloads\Import_5\Import_5\6100_13797.6100.01_vedder\1.6_Workshop drawings\Area 504\V C 0_MAIN STAIRCASE\13797_6120_K_504_012_04.pdf,OK,Drawing,Drawing,0.7993881683013124,4,cached_multimodal_doc_classifier_v4.pkl
C:\Users\ashu\Downloads\Import_5\Import_5\6100_13797.6100.01_vedder\1.6_Workshop drawings\Area 407\IX B 0_VIP CABIN\13797-6120-K-407-030_02.pdf,OK,Drawing,Drawing,0.76688513183949,4,cached_multimodal_doc_classifier_v4.pkl
C:\Users\ashu\Downloads\Import_5\Import_5\6100_13797.6100.01_vedder\1.6_Workshop drawings\Area 407\VI B 0_GUEST CORRIDOR\13797-6120-K-407-020_02.pdf,OK,Drawing,Drawing,0.8240517816623404,4,cached_multimodal_doc_classifier_v4.pkl
C:\Users\ashu\Downloads\Import_5\Import_5\6100_13797.6100.01_vedder\1.6_Workshop drawings\Area 407\VI B 1_GUEST_6\13797-6100-K-407-006_04.pdf,OK,Drawing,Drawing,0.8229513543119131,4,cached_multimodal_doc_classifier_v4.pkl
C:\Users\ashu\Downloads\Import_5\Import_5\6100_13797.6100.01_vedder\1.6_Workshop drawings\Area 407\VI B 2_GUEST_5\13797-6120-K-407-005_06.pdf,OK,Drawing,Drawing,0.8200457646731946,4,cached_multimodal_doc_classifier_v4.pkl
C:\Users\ashu\Downloads\Import_5\Import_5\6100_13797.6100.01_vedder\1.6_Workshop drawings\Area 407\VI B 3_GUEST BATH_6\13797-6120-K-407-016_03.pdf,OK,Drawing,Drawing,0.8336016327147999,4,cached_multimodal_doc_classifier_v4.pkl
C:\Users\ashu\Downloads\Import_5\Import_5\6100_13797.6100.01_vedder\1.6_Workshop drawings\Area 407\VI B 4_GUEST BATH_5\13797-6120-K-407-015_05.pdf,OK,Drawing,Drawing,0.8637154717631784,4,cached_multimodal_doc_classifier_v4.pkl
C:\Users\ashu\Downloads\Import_5\Import_5\6100_13797.6100.01_vedder\1.6_Workshop drawings\Area 407\VII B 1_GUEST_4\13797-6120-K-407-004_03.pdf,OK,Drawing,Drawing,0.8301221005510573,4,cached_multimodal_doc_classifier_v4.pkl
C:\Users\ashu\Downloads\Import_5\Import_5\6100_13797.6100.01_vedder\1.6_Workshop drawings\Area 407\VII B 2_GUEST_3\13797-6120-K-407-003_03.pdf,OK,Drawing,Drawing,0.8150457646731946,4,cached_multimodal_doc_classifier_v4.pkl
C:\Users\ashu\Downloads\Import_5\Import_5\6100_13797.6100.01_vedder\1.6_Workshop drawings\Area 407\VII B 3_GUEST BATH_4\13797-6120-K-407-014_02.pdf,UNKNOWN,UNKNOWN,Drawing,0.655007297179631,4,cached_multimodal_doc_classifier_v4.pkl
C:\Users\ashu\Downloads\Import_5\Import_5\6100_13797.6100.01_vedder\1.6_Workshop drawings\Area 407\VII B 4_GUEST BATH_3\13797-6120-K-407-013_02.pdf,OK,Drawing,Drawing,0.8640144616621684,4,cached_multimodal_doc_classifier_v4.pkl
C:\Users\ashu\Downloads\Import_5\Import_5\6100_13797.6100.01_vedder\1.6_Workshop drawings\Area 407\VIII B 1_GUEST_2\13797-6120-K-407-002_02.pdf,OK,Drawing,Drawing,0.754084541958446,4,cached_multimodal_doc_classifier_v4.pkl
C:\Users\ashu\Downloads\Import_5\Import_5\6100_13797.6100.01_vedder\1.6_Workshop drawings\Area 407\VIII B 2_GUEST_1\13797-6120-K-407-001_03.pdf,OK,Drawing,Drawing,0.8150457646731946,4,cached_multimodal_doc_classifier_v4.pkl
C:\Users\ashu\Downloads\Import_5\Import_5\6100_13797.6100.01_vedder\1.6_Workshop drawings\Area 407\VIII B 3_GUEST BATH_2\13797-6120-K-407-012_02.pdf,OK,Drawing,Drawing,0.8287332116621684,4,cached_multimodal_doc_classifier_v4.pkl
C:\Users\ashu\Downloads\Import_5\Import_5\6100_13797.6100.01_vedder\1.6_Workshop drawings\Area 407\VIII B 4_GUEST BATH_1\13797-6120-K-407-011_02.pdf,OK,Drawing,Drawing,0.8269597050924727,4,cached_multimodal_doc_classifier_v4.pkl
C:\Users\ashu\Downloads\Import_5\Import_5\6100_13797.6100.01_vedder\1.6_Workshop drawings\Area 407\VIII B 5_GUEST CORRIDOR FWD\13797-6120-K-407-021_02.pdf,OK,Drawing,Drawing,0.8225804923306866,4,cached_multimodal_doc_classifier_v4.pkl
C:\Users\ashu\Downloads\Import_5\Import_5\6100_13797.6100.01_vedder\1.6_Workshop drawings\Area 407\VIII B 8_VIP BATH\13797-6120-K-407-031_04.pdf,OK,Drawing,Drawing,0.8603270146731947,4,cached_multimodal_doc_classifier_v4.pkl
C:\Users\ashu\Downloads\Import_5\Import_5\6100_13797.6100.01_vedder\1.6_Workshop drawings\Area 407\VIII B 9_VIP DRESSING\13797-6120-K-407-032_02.pdf,OK,Drawing,Drawing,0.8350457646731946,4,cached_multimodal_doc_classifier_v4.pkl
C:\Users\ashu\Downloads\Import_5\Import_5\6100_13797.6100.01_vedder\1.6_Workshop drawings\Area 404\V B 0_MAIN STAIRCASE\13797-6120-K-404-005_03.pdf,OK,Drawing,Drawing,0.7890133183613365,4,cached_multimodal_doc_classifier_v4.pkl
C:\Users\ashu\Downloads\Import_5\Import_5\6100_13797.6100.01_vedder\1.6_Workshop drawings\Area 307\VI H 3_DAY HEAD\13797-6120-K-307-001_02.pdf,OK,Drawing,Drawing,0.8291234826899287,4,cached_multimodal_doc_classifier_v4.pkl
C:\Users\ashu\Downloads\Import_5\Import_5\6100_13797.6100.01_vedder\1.6_Workshop drawings\Area 307\VI H 5_MD CORRIDOR\13797-6120-K-307-003_02.pdf,OK,Drawing,Drawing,0.8098671932446231,4,cached_multimodal_doc_classifier_v4.pkl
C:\Users\ashu\Downloads\Import_5\Import_5\6100_13797.6100.01_vedder\1.6_Workshop drawings\Area 304\V H 0_MAIN STAIRCASE\13797-6120-K-304_004_02.pdf,OK,Drawing,Drawing,0.819943723856868,4,cached_multimodal_doc_classifier_v4.pkl
C:\Users\ashu\Downloads\Import_5\Import_5\6100_13797.6100.01_vedder\1.6_Workshop drawings\Area 304\V H 8_ELEVATOR\13797-6120-K-304-005_01.pdf,OK,Drawing,Drawing,0.8529667863970622,4,cached_multimodal_doc_classifier_v4.pkl
C:\Users\ashu\Downloads\Import_5\Import_5\6100_13797.6100.01_vedder\1.6_Workshop drawings\Area 301\III H 4_DAY HEAD EXT\13797-6120-K-301-001_02.pdf,OK,Drawing,Drawing,0.8239985273227312,4,cached_multimodal_doc_classifier_v4.pkl
C:\Users\ashu\Downloads\Import_5\Import_5\6100_13797.6100.01_vedder\1.6_Workshop drawings\Area 205\IV Z 0_CAT WALK\13797-6120-K-205-001_03.pdf,UNKNOWN,UNKNOWN,Drawing,0.6423461729816843,4,cached_multimodal_doc_classifier_v4.pkl
C:\Users\ashu\Downloads\Import_5\Import_5\6100_13797.6100.01_vedder\1.6_Workshop drawings\Area 203\III Z 10_LOBBY\13797-6120-K-203-002_03.pdf,UNKNOWN,UNKNOWN,Drawing,0.6860492749238577,4,cached_multimodal_doc_classifier_v4.pkl
C:\Users\ashu\Downloads\Import_5\Import_5\6100_13797.6100.01_vedder\1.6_Workshop drawings\Area 203\III Z 1_LOBBY\13797-6120-K-203-001_01.pdf,UNKNOWN,UNKNOWN,Drawing,0.7218508488666182,4,cached_multimodal_doc_classifier_v4.pkl
C:\Users\ashu\Downloads\Import_5\Import_5\6100_13797.6100.01_vedder\1.6_Workshop drawings\Area 202\II Z 0_BEACH CLUB\13797-6120-K-202-001_03.pdf,OK,Drawing,Drawing,0.7834637668371607,4,cached_multimodal_doc_classifier_v4.pkl
C:\Users\ashu\Downloads\Import_5\Import_5\6100_13797.6100.01_vedder\1.6_Workshop drawings\Area 202\II Z 10_DIVE EQUIPMENT\13797-6120-K-202-002_02.pdf,UNKNOWN,UNKNOWN,Drawing,0.718351409227411,4,cached_multimodal_doc_classifier_v4.pkl
C:\Users\ashu\Downloads\Import_5\Import_5\6100_13797.6100.01_vedder\1.6_Workshop drawings\Area 202\II Z 2_STEAM SHOWER\13797-6120-K-202-003_02.pdf,UNKNOWN,UNKNOWN,Drawing,0.6761605188983205,4,cached_multimodal_doc_classifier_v4.pkl
C:\Users\ashu\Downloads\Import_5\Import_5\6100_13797.6100.01_vedder\1.6_Workshop drawings\Area 202\II Z 4_DAY HEAD\13797-6120-K-202-004_03.pdf,UNKNOWN,UNKNOWN,Drawing,0.6460270284176197,4,cached_multimodal_doc_classifier_v4.pkl
C:\Users\ashu\Downloads\Import_5\Import_5\6100_13797.6100.01_vedder\1.5_Integration_Drawing\Drawing List\The index of Boardwalk integration drawings.pdf,UNKNOWN,UNKNOWN,Datasheet,0.60356540219631,4,cached_multimodal_doc_classifier_v4.pkl
C:\Users\ashu\Downloads\Import_5\Import_5\6100_13797.6100.01_vedder\1.5_Integration_Drawing\Area 604\01_PDF\13797-6100-K-604-001_03.pdf,OK,Drawing,Drawing,0.8487608237067031,4,cached_multimodal_doc_classifier_v4.pkl
C:\Users\ashu\Downloads\Import_5\Import_5\6100_13797.6100.01_vedder\1.5_Integration_Drawing\Area 604\01_PDF\13797-6100-K-604-002_02.pdf,OK,Drawing,Drawing,0.8229006075524709,4,cached_multimodal_doc_classifier_v4.pkl
C:\Users\ashu\Downloads\Import_5\Import_5\6100_13797.6100.01_vedder\1.5_Integration_Drawing\Area 507\01_PDF\13797-6100-K-507-001_02.pdf,OK,Drawing,Drawing,0.8287072895126425,4,cached_multimodal_doc_classifier_v4.pkl
C:\Users\ashu\Downloads\Import_5\Import_5\6100_13797.6100.01_vedder\1.5_Integration_Drawing\Area 507\01_PDF\13797-6100-K-507-003_01.pdf,OK,Drawing,Drawing,0.8024733265717013,4,cached_multimodal_doc_classifier_v4.pkl
C:\Users\ashu\Downloads\Import_5\Import_5\6100_13797.6100.01_vedder\1.5_Integration_Drawing\Area 504\01_PDF\13797-6100-K-504-012_03.pdf,OK,Drawing,Drawing,0.8626870910152021,4,cached_multimodal_doc_classifier_v4.pkl
C:\Users\ashu\Downloads\Import_5\Import_5\6100_13797.6100.01_vedder\1.5_Integration_Drawing\Area 504\01_PDF\13797-6100-K-504-015_02.pdf,OK,Drawing,Drawing,0.8686814112342904,4,cached_multimodal_doc_classifier_v4.pkl
C:\Users\ashu\Downloads\Import_5\Import_5\6100_13797.6100.01_vedder\1.5_Integration_Drawing\Area 407\01_PDF\13797-6100-K-407-001_02.pdf,OK,Drawing,Drawing,0.7994348918555627,4,cached_multimodal_doc_classifier_v4.pkl
C:\Users\ashu\Downloads\Import_5\Import_5\6100_13797.6100.01_vedder\1.5_Integration_Drawing\Area 407\01_PDF\13797-6100-K-407-002_02.pdf,OK,Drawing,Drawing,0.8035121075269207,4,cached_multimodal_doc_classifier_v4.pkl
C:\Users\ashu\Downloads\Import_5\Import_5\6100_13797.6100.01_vedder\1.5_Integration_Drawing\Area 407\01_PDF\13797-6100-K-407-003_02.pdf,OK,Drawing,Drawing,0.7983302893451025,4,cached_multimodal_doc_classifier_v4.pkl
C:\Users\ashu\Downloads\Import_5\Import_5\6100_13797.6100.01_vedder\1.5_Integration_Drawing\Area 407\01_PDF\13797-6100-K-407-004_02.pdf,OK,Drawing,Drawing,0.7944348918555627,4,cached_multimodal_doc_classifier_v4.pkl
C:\Users\ashu\Downloads\Import_5\Import_5\6100_13797.6100.01_vedder\1.5_Integration_Drawing\Area 407\01_PDF\13797-6100-K-407-005_03.pdf,OK,Drawing,Drawing,0.8205895927102635,4,cached_multimodal_doc_classifier_v4.pkl
C:\Users\ashu\Downloads\Import_5\Import_5\6100_13797.6100.01_vedder\1.5_Integration_Drawing\Area 407\01_PDF\13797-6100-K-407-006_03.pdf,OK,Drawing,Drawing,0.8173118149324857,4,cached_multimodal_doc_classifier_v4.pkl
C:\Users\ashu\Downloads\Import_5\Import_5\6100_13797.6100.01_vedder\1.5_Integration_Drawing\Area 407\01_PDF\13797-6100-K-407-011_02.pdf,OK,Drawing,Drawing,0.8182165707360598,4,cached_multimodal_doc_classifier_v4.pkl
C:\Users\ashu\Downloads\Import_5\Import_5\6100_13797.6100.01_vedder\1.5_Integration_Drawing\Area 407\01_PDF\13797-6100-K-407-012_02.pdf,OK,Drawing,Drawing,0.8192165707360598,4,cached_multimodal_doc_classifier_v4.pkl
C:\Users\ashu\Downloads\Import_5\Import_5\6100_13797.6100.01_vedder\1.5_Integration_Drawing\Area 407\01_PDF\13797-6100-K-407-013_02.pdf,OK,Drawing,Drawing,0.8218276818471709,4,cached_multimodal_doc_classifier_v4.pkl
C:\Users\ashu\Downloads\Import_5\Import_5\6100_13797.6100.01_vedder\1.5_Integration_Drawing\Area 407\01_PDF\13797-6100-K-407-014_02.pdf,OK,Drawing,Drawing,0.8232165707360599,4,cached_multimodal_doc_classifier_v4.pkl
C:\Users\ashu\Downloads\Import_5\Import_5\6100_13797.6100.01_vedder\1.5_Integration_Drawing\Area 407\01_PDF\13797-6100-K-407-015_03.pdf,OK,Drawing,Drawing,0.8142165707360597,4,cached_multimodal_doc_classifier_v4.pkl
C:\Users\ashu\Downloads\Import_5\Import_5\6100_13797.6100.01_vedder\1.5_Integration_Drawing\Area 407\01_PDF\13797-6100-K-407-016_03.pdf,OK,Drawing,Drawing,0.8241266426785059,4,cached_multimodal_doc_classifier_v4.pkl
C:\Users\ashu\Downloads\Import_5\Import_5\6100_13797.6100.01_vedder\1.5_Integration_Drawing\Area 407\01_PDF\13797-6100-K-407-020_02.pdf,OK,Drawing,Drawing,0.8712660711012274,4,cached_multimodal_doc_classifier_v4.pkl
C:\Users\ashu\Downloads\Import_5\Import_5\6100_13797.6100.01_vedder\1.5_Integration_Drawing\Area 407\01_PDF\13797-6100-K-407-021_02.pdf,OK,Drawing,Drawing,0.8152464165193323,4,cached_multimodal_doc_classifier_v4.pkl
C:\Users\ashu\Downloads\Import_5\Import_5\6100_13797.6100.01_vedder\1.5_Integration_Drawing\Area 407\01_PDF\13797-6100-K-407-030_03.pdf,OK,Drawing,Drawing,0.8641341447391663,4,cached_multimodal_doc_classifier_v4.pkl
C:\Users\ashu\Downloads\Import_5\Import_5\6100_13797.6100.01_vedder\1.5_Integration_Drawing\Area 407\01_PDF\13797-6100-K-407-031_03.pdf,OK,Drawing,Drawing,0.8214954515524316,4,cached_multimodal_doc_classifier_v4.pkl
C:\Users\ashu\Downloads\Import_5\Import_5\6100_13797.6100.01_vedder\1.5_Integration_Drawing\Area 407\01_PDF\13797-6100-K-407-032_02.pdf,OK,Drawing,Drawing,0.8082131923861082,4,cached_multimodal_doc_classifier_v4.pkl
C:\Users\ashu\Downloads\Import_5\Import_5\6100_13797.6100.01_vedder\1.5_Integration_Drawing\Area 404\01_PDF\13797-6100-K-404-005_03.pdf,OK,Drawing,Drawing,0.8629015816401648,4,cached_multimodal_doc_classifier_v4.pkl
C:\Users\ashu\Downloads\Import_5\Import_5\6100_13797.6100.01_vedder\1.5_Integration_Drawing\Area 307\01_PDF\13797-6100-K-307-001_02.pdf,OK,Drawing,Drawing,0.8361598668117299,4,cached_multimodal_doc_classifier_v4.pkl
C:\Users\ashu\Downloads\Import_5\Import_5\6100_13797.6100.01_vedder\1.5_Integration_Drawing\Area 307\01_PDF\13797-6100-K-307-003_03.pdf,OK,Drawing,Drawing,0.8548203313301137,4,cached_multimodal_doc_classifier_v4.pkl
C:\Users\ashu\Downloads\Import_5\Import_5\6100_13797.6100.01_vedder\1.5_Integration_Drawing\Area 304\01_PDF\13797-6100-K-304-004_03.pdf,OK,Drawing,Drawing,0.8574616643784689,4,cached_multimodal_doc_classifier_v4.pkl
C:\Users\ashu\Downloads\Import_5\Import_5\6100_13797.6100.01_vedder\1.5_Integration_Drawing\Area 301\01_PDF\13797-6100-K-301-001_02.pdf,OK,Drawing,Drawing,0.839874825147741,4,cached_multimodal_doc_classifier_v4.pkl
C:\Users\ashu\Downloads\Import_5\Import_5\6100_13797.6100.01_vedder\1.5_Integration_Drawing\Area 205\01_PDF\13797-6100-K-205-001_01.pdf,OK,Drawing,Drawing,0.8496449025907821,4,cached_multimodal_doc_classifier_v4.pkl
C:\Users\ashu\Downloads\Import_5\Import_5\6100_13797.6100.01_vedder\1.5_Integration_Drawing\Area 203\01_PDF\13797-6100-K-203-001_01.pdf,OK,Drawing,Drawing,0.8278716690445849,4,cached_multimodal_doc_classifier_v4.pkl
C:\Users\ashu\Downloads\Import_5\Import_5\6100_13797.6100.01_vedder\1.5_Integration_Drawing\Area 203\01_PDF\13797-6100-K-203-002_01.pdf,OK,Drawing,Drawing,0.79322520439812,4,cached_multimodal_doc_classifier_v4.pkl
C:\Users\ashu\Downloads\Import_5\Import_5\6100_13797.6100.01_vedder\1.5_Integration_Drawing\Area 202\01_PDF\13797-6100-K-202-001_03.pdf,OK,Drawing,Drawing,0.8701081431337063,4,cached_multimodal_doc_classifier_v4.pkl
C:\Users\ashu\Downloads\Import_5\Import_5\6100_13797.6100.01_vedder\1.5_Integration_Drawing\Area 202\01_PDF\13797-6100-K-202-002_03.pdf,OK,Drawing,Drawing,0.8290217001352451,4,cached_multimodal_doc_classifier_v4.pkl
C:\Users\ashu\Downloads\Import_5\Import_5\6100_13797.6100.01_vedder\1.5_Integration_Drawing\Area 202\01_PDF\13797-6100-K-202-003_01.pdf,OK,Drawing,Drawing,0.8382246542585733,4,cached_multimodal_doc_classifier_v4.pkl
C:\Users\ashu\Downloads\Import_5\Import_5\6100_13797.6100.01_vedder\1.5_Integration_Drawing\Area 202\01_PDF\13797-6100-K-202-004_03.pdf,OK,Drawing,Drawing,0.837749765801629,4,cached_multimodal_doc_classifier_v4.pkl
C:\Users\ashu\Downloads\Import_5\Import_5\6100_13797.6100.01_vedder\1.4_Dismantling drawings\Drawing List\The index of Boardwalk dismantling drawings.pdf,UNKNOWN,UNKNOWN,Datasheet,0.5972250785066658,4,cached_multimodal_doc_classifier_v4.pkl
C:\Users\ashu\Downloads\Import_5\Import_5\6100_13797.6100.01_vedder\1.4_Dismantling drawings\Area 604\V D 4_DAYHEAD\13797-6111-K-604-001_00.pdf,OK,Drawing,Drawing,0.8370238278443128,4,cached_multimodal_doc_classifier_v4.pkl
C:\Users\ashu\Downloads\Import_5\Import_5\6100_13797.6100.01_vedder\1.4_Dismantling drawings\Area 604\V D 5_DAYHEAD\13797-6111-K-604-002_00.pdf,OK,Drawing,Drawing,0.8445927073554788,4,cached_multimodal_doc_classifier_v4.pkl
C:\Users\ashu\Downloads\Import_5\Import_5\6100_13797.6100.01_vedder\1.4_Dismantling drawings\Area 507\VI C 1_DAYHEAD\13797-6111-K-507-001_00.pdf,OK,Drawing,Drawing,0.8335502245521984,4,cached_multimodal_doc_classifier_v4.pkl
C:\Users\ashu\Downloads\Import_5\Import_5\6100_13797.6100.01_vedder\1.4_Dismantling drawings\Area 507\VI C 3_LOBBY\13797-6111-K-507-003_00.pdf,UNKNOWN,UNKNOWN,Drawing,0.6550566159228103,4,cached_multimodal_doc_classifier_v4.pkl
C:\Users\ashu\Downloads\Import_5\Import_5\6100_13797.6100.01_vedder\1.4_Dismantling drawings\Area 504_SD\V D 0_STAIRCASE\13797-6111-K-504-015_00.pdf,OK,Drawing,Drawing,0.812270191346979,4,cached_multimodal_doc_classifier_v4.pkl
C:\Users\ashu\Downloads\Import_5\Import_5\6100_13797.6100.01_vedder\1.4_Dismantling drawings\Area 504\V C 0_MAIN STAIRCASE\13797-6111-K-504-012_00.pdf,OK,Drawing,Drawing,0.7999751248196629,4,cached_multimodal_doc_classifier_v4.pkl
C:\Users\ashu\Downloads\Import_5\Import_5\6100_13797.6100.01_vedder\1.4_Dismantling drawings\Area 407\IX B 0_VIP CABIN\13797-6111-K-407-030_00.pdf,OK,Drawing,Drawing,0.7978936401801688,4,cached_multimodal_doc_classifier_v4.pkl
C:\Users\ashu\Downloads\Import_5\Import_5\6100_13797.6100.01_vedder\1.4_Dismantling drawings\Area 407\VI B 0_GUEST CORRIDOR\13797-6111-K-407-020_00.pdf,UNKNOWN,UNKNOWN,Drawing,0.7158542361775904,4,cached_multimodal_doc_classifier_v4.pkl
C:\Users\ashu\Downloads\Import_5\Import_5\6100_13797.6100.01_vedder\1.4_Dismantling drawings\Area 407\VI B 1_GUEST_6\13797-6111-K-407-006_00.pdf,UNKNOWN,UNKNOWN,Drawing,0.5159226661649895,4,cached_multimodal_doc_classifier_v4.pkl
C:\Users\ashu\Downloads\Import_5\Import_5\6100_13797.6100.01_vedder\1.4_Dismantling drawings\Area 407\VI B 2_GUEST_5\13797-6111-K-407-005_00.pdf,UNKNOWN,UNKNOWN,Drawing,0.5203530267160305,4,cached_multimodal_doc_classifier_v4.pkl
C:\Users\ashu\Downloads\Import_5\Import_5\6100_13797.6100.01_vedder\1.4_Dismantling drawings\Area 407\VI B 3_GUEST BATH_6\13797-6111-K-407-016_00.pdf,UNKNOWN,UNKNOWN,Drawing,0.4704959528740347,4,cached_multimodal_doc_classifier_v4.pkl
C:\Users\ashu\Downloads\Import_5\Import_5\6100_13797.6100.01_vedder\1.4_Dismantling drawings\Area 407\VI B 4_GUEST BATH_5\13797-6111-K-407-015_00.pdf,UNKNOWN,UNKNOWN,Drawing,0.4883131580747332,4,cached_multimodal_doc_classifier_v4.pkl
C:\Users\ashu\Downloads\Import_5\Import_5\6100_13797.6100.01_vedder\1.4_Dismantling drawings\Area 407\VII B 1_GUEST_4\13797-6111-K-407-004_00.pdf,OK,Drawing,Drawing,0.8092009485035899,4,cached_multimodal_doc_classifier_v4.pkl
C:\Users\ashu\Downloads\Import_5\Import_5\6100_13797.6100.01_vedder\1.4_Dismantling drawings\Area 407\VII B 2_GUEST_3\13797-6111-K-407-003_00.pdf,UNKNOWN,UNKNOWN,Drawing,0.48615029613173877,4,cached_multimodal_doc_classifier_v4.pkl
C:\Users\ashu\Downloads\Import_5\Import_5\6100_13797.6100.01_vedder\1.4_Dismantling drawings\Area 407\VII B 3_GUEST BATH_4\13797-6111-K-407-014_00.pdf,UNKNOWN,UNKNOWN,Drawing,0.4662980300348234,4,cached_multimodal_doc_classifier_v4.pkl
C:\Users\ashu\Downloads\Import_5\Import_5\6100_13797.6100.01_vedder\1.4_Dismantling drawings\Area 407\VII B 4_GUEST BATH_3\13797-6111-K-407-013_00.pdf,UNKNOWN,UNKNOWN,Drawing,0.48036406071477317,4,cached_multimodal_doc_classifier_v4.pkl
C:\Users\ashu\Downloads\Import_5\Import_5\6100_13797.6100.01_vedder\1.4_Dismantling drawings\Area 407\VIII B 1_GUEST_2\13797-6111-K-407-002_00.pdf,UNKNOWN,UNKNOWN,Drawing,0.7471243090159625,4,cached_multimodal_doc_classifier_v4.pkl
C:\Users\ashu\Downloads\Import_5\Import_5\6100_13797.6100.01_vedder\1.4_Dismantling drawings\Area 407\VIII B 2_GUEST_1\13797-6111-K-407-001_00.pdf,UNKNOWN,UNKNOWN,Drawing,0.7283490379645344,4,cached_multimodal_doc_classifier_v4.pkl
C:\Users\ashu\Downloads\Import_5\Import_5\6100_13797.6100.01_vedder\1.4_Dismantling drawings\Area 407\VIII B 3_GUEST BATH_2\13797-6111-K-407-012_00.pdf,UNKNOWN,UNKNOWN,Drawing,0.4701077789789867,4,cached_multimodal_doc_classifier_v4.pkl
C:\Users\ashu\Downloads\Import_5\Import_5\6100_13797.6100.01_vedder\1.4_Dismantling drawings\Area 407\VIII B 4_GUEST BATH_1\13797-6111-K-407-011_00.pdf,UNKNOWN,UNKNOWN,Drawing,0.5025533197857601,4,cached_multimodal_doc_classifier_v4.pkl
C:\Users\ashu\Downloads\Import_5\Import_5\6100_13797.6100.01_vedder\1.4_Dismantling drawings\Area 407\VIII B 5_GUEST CORRIDOR FWD\13797-6111-K-407-021_00.pdf,UNKNOWN,UNKNOWN,Drawing,0.4299240334559645,4,cached_multimodal_doc_classifier_v4.pkl
C:\Users\ashu\Downloads\Import_5\Import_5\6100_13797.6100.01_vedder\1.4_Dismantling drawings\Area 407\VIII B 8_VIP BATH\13797-6111-K-407-031_00.pdf,UNKNOWN,UNKNOWN,Drawing,0.5004385878711424,4,cached_multimodal_doc_classifier_v4.pkl
C:\Users\ashu\Downloads\Import_5\Import_5\6100_13797.6100.01_vedder\1.4_Dismantling drawings\Area 407\VIII B 9_VIP DRESSING\13797-6111-K-407-032_00.pdf,UNKNOWN,UNKNOWN,Drawing,0.4552886817375579,4,cached_multimodal_doc_classifier_v4.pkl
C:\Users\ashu\Downloads\Import_5\Import_5\6100_13797.6100.01_vedder\1.4_Dismantling drawings\Area 404\V B 0_MAIN STAIRCASE\13797-6111-K-404-005_00.pdf,OK,Drawing,Drawing,0.8062029287617527,4,cached_multimodal_doc_classifier_v4.pkl
C:\Users\ashu\Downloads\Import_5\Import_5\6100_13797.6100.01_vedder\1.4_Dismantling drawings\Area 307\VI H 3_DAY HEAD\13797-6111-K-307-001_00.pdf,OK,Drawing,Drawing,0.8307330907815763,4,cached_multimodal_doc_classifier_v4.pkl
C:\Users\ashu\Downloads\Import_5\Import_5\6100_13797.6100.01_vedder\1.4_Dismantling drawings\Area 307\VI H 5_MD CORRIDOR\13797-6111-K-307-003_00.pdf,OK,Drawing,Drawing,0.7789225182044952,4,cached_multimodal_doc_classifier_v4.pkl
C:\Users\ashu\Downloads\Import_5\Import_5\6100_13797.6100.01_vedder\1.4_Dismantling drawings\Area 304\V H 0_MAIN STAIRCASE\13797-6111-K-304-004_00.pdf,OK,Drawing,Drawing,0.8101925161240108,4,cached_multimodal_doc_classifier_v4.pkl
C:\Users\ashu\Downloads\Import_5\Import_5\6100_13797.6100.01_vedder\1.4_Dismantling drawings\Area 304\V H 8_ELEVATOR\13797-6120-K-304-005_00.pdf,OK,Drawing,Drawing,0.8286272595235475,4,cached_multimodal_doc_classifier_v4.pkl
C:\Users\ashu\Downloads\Import_5\Import_5\6100_13797.6100.01_vedder\1.4_Dismantling drawings\Area 301\III H 4_DAY HEAD EXT\13797-6111-K-301-001_00.pdf,OK,Drawing,Drawing,0.7801151834044633,4,cached_multimodal_doc_classifier_v4.pkl
C:\Users\ashu\Downloads\Import_5\Import_5\6100_13797.6100.01_vedder\1.4_Dismantling drawings\Area 205\IV Z 0_CAT WALK\13797-6111-K-205-001_00.pdf,OK,Drawing,Drawing,0.8049678927727689,4,cached_multimodal_doc_classifier_v4.pkl
C:\Users\ashu\Downloads\Import_5\Import_5\6100_13797.6100.01_vedder\1.4_Dismantling drawings\Area 203\III Z 1_LOBBY\13797-6111-K-203-001_00.pdf,UNKNOWN,UNKNOWN,Drawing,0.7488297040740188,4,cached_multimodal_doc_classifier_v4.pkl
C:\Users\ashu\Downloads\Import_5\Import_5\6100_13797.6100.01_vedder\1.4_Dismantling drawings\Area 202\II Z 0_BEACH CLUB\13797-6111-K-202-001_00.pdf,UNKNOWN,UNKNOWN,Drawing,0.6522814982221096,4,cached_multimodal_doc_classifier_v4.pkl
C:\Users\ashu\Downloads\Import_5\Import_5\6100_13797.6100.01_vedder\1.4_Dismantling drawings\Area 202\II Z 10_DIVE EQUIPMENT\13797-6111-K-202-002_00.pdf,UNKNOWN,UNKNOWN,Drawing,0.6809114003245841,4,cached_multimodal_doc_classifier_v4.pkl
C:\Users\ashu\Downloads\Import_5\Import_5\6100_13797.6100.01_vedder\1.4_Dismantling drawings\Area 202\II Z 2_STEAM SHOWER\13797-6111-K-202-003_00.pdf,UNKNOWN,UNKNOWN,Drawing,0.6577302328474937,4,cached_multimodal_doc_classifier_v4.pkl
C:\Users\ashu\Downloads\Import_5\Import_5\6100_13797.6100.01_vedder\1.4_Dismantling drawings\Area 202\II Z 4_DAY HEAD\13797-6111-K-202-004_00.pdf,UNKNOWN,UNKNOWN,Drawing,0.6976266200207679,4,cached_multimodal_doc_classifier_v4.pkl
C:\Users\ashu\Downloads\Import_5\Import_5\4870_13797.4870.01_domeyer\1) Operating Manuals\01 General Instructions HP Breathing Air Compressors 20251023.pdf,UNKNOWN,UNKNOWN,Datasheet,0.458270823111894,4,cached_multimodal_doc_classifier_v4.pkl
C:\Users\ashu\Downloads\Import_5\Import_5\4870_13797.4870.01_domeyer\1) Operating Manuals\02 Operating Manual PE200-TE 20251023.pdf,OK,Manual,Manual,0.9764258969005519,4,cached_multimodal_doc_classifier_v4.pkl
C:\Users\ashu\Downloads\Import_5\Import_5\4870_13797.4870.01_domeyer\1) Operating Manuals\03 Instruction Manual Pressure Vessels 20250416.pdf,UNKNOWN,UNKNOWN,Manual,0.389747354705445,4,cached_multimodal_doc_classifier_v4.pkl
C:\Users\ashu\Downloads\Import_5\Import_5\4870_13797.4870.01_domeyer\1) Operating Manuals\04 Operating Manual B-Securus 20251106.pdf,OK,Manual,Manual,0.9753320823162603,4,cached_multimodal_doc_classifier_v4.pkl
C:\Users\ashu\Downloads\Import_5\Import_5\4870_13797.4870.01_domeyer\1) Operating Manuals\05 Operating Manual and Spare Parts List ext. Filling Panel 20250416.pdf,OK,Manual,Manual,0.8980417356961277,4,cached_multimodal_doc_classifier_v4.pkl
C:\Users\ashu\Downloads\Import_5\Import_5\4870_13797.4870.01_domeyer\1) Operating Manuals\06 Operating Manual B-Detection Plus i 20251106.pdf,OK,Manual,Manual,0.96626606617682,4,cached_multimodal_doc_classifier_v4.pkl
C:\Users\ashu\Downloads\Import_5\Import_5\4870_13797.4870.01_domeyer\1) Operating Manuals\07 Operating Manual Aero Guard 20251106.pdf,OK,Manual,Manual,0.9775943894763445,4,cached_multimodal_doc_classifier_v4.pkl
C:\Users\ashu\Downloads\Import_5\Import_5\4870_13797.4870.01_domeyer\2) Technical Data Sheets\01 Technical Data Sheet HP-Compressor PE200-TE 20251106.pdf,UNKNOWN,UNKNOWN,Manual,0.6370244685491071,4,cached_multimodal_doc_classifier_v4.pkl
C:\Users\ashu\Downloads\Import_5\Import_5\4870_13797.4870.01_domeyer\2) Technical Data Sheets\02 Technical Data Sheet B-DETECTION PLUS s 20251106.pdf,UNKNOWN,UNKNOWN,Manual,0.5087657249710318,4,cached_multimodal_doc_classifier_v4.pkl
C:\Users\ashu\Downloads\Import_5\Import_5\4870_13797.4870.01_domeyer\2) Technical Data Sheets\03 Data Sheet Aero Guard 20251106.pdf,UNKNOWN,UNKNOWN,Certificate,0.413103151658437,4,cached_multimodal_doc_classifier_v4.pkl
C:\Users\ashu\Downloads\Import_5\Import_5\4870_13797.4870.01_domeyer\3) Drawings\01 Technical Drawing PE200-TE 20251023.pdf,UNKNOWN,UNKNOWN,Drawing,0.5627257469419389,4,cached_multimodal_doc_classifier_v4.pkl
C:\Users\ashu\Downloads\Import_5\Import_5\4870_13797.4870.01_domeyer\3) Drawings\02 3D-Drawing PE200-TE 20260303.pdf,UNKNOWN,UNKNOWN,Datasheet,0.6019114082103956,4,cached_multimodal_doc_classifier_v4.pkl
C:\Users\ashu\Downloads\Import_5\Import_5\4870_13797.4870.01_domeyer\3) Drawings\03 Technical Drawing ext. Filling Panel AT321240V-A 20251023.pdf,UNKNOWN,UNKNOWN,Drawing,0.4884422090755081,4,cached_multimodal_doc_classifier_v4.pkl
C:\Users\ashu\Downloads\Import_5\Import_5\4870_13797.4870.01_domeyer\3) Drawings\04 3D-Drawing ext. Filling Panel AT321240V 20251023.pdf,UNKNOWN,UNKNOWN,Datasheet,0.6019114082103956,4,cached_multimodal_doc_classifier_v4.pkl
C:\Users\ashu\Downloads\Import_5\Import_5\4870_13797.4870.01_domeyer\3) Drawings\05 Technical Drawing B-Detection Plus F02 20251105.pdf,UNKNOWN,UNKNOWN,Drawing,0.6825810206765867,4,cached_multimodal_doc_classifier_v4.pkl
C:\Users\ashu\Downloads\Import_5\Import_5\4870_13797.4870.01_domeyer\3) Drawings\06 Technical Drawing B-Detection Plus Airbox 20251105.pdf,UNKNOWN,UNKNOWN,Datasheet,0.6084047696727384,4,cached_multimodal_doc_classifier_v4.pkl
C:\Users\ashu\Downloads\Import_5\Import_5\4870_13797.4870.01_domeyer\3) Drawings\07 Technical Drawing B-Detection Plus Pruefgas 20251105.pdf,UNKNOWN,UNKNOWN,Datasheet,0.6084047696727384,4,cached_multimodal_doc_classifier_v4.pkl
C:\Users\ashu\Downloads\Import_5\Import_5\4870_13797.4870.01_domeyer\3) Drawings\08 Technical Drawing B-Detection Plus Sensorbox 20251105.pdf,UNKNOWN,UNKNOWN,Datasheet,0.5985255361611519,4,cached_multimodal_doc_classifier_v4.pkl
C:\Users\ashu\Downloads\Import_5\Import_5\4870_13797.4870.01_domeyer\3) Drawings\09 Technical Drawing Aero Guard 20260303.pdf,UNKNOWN,UNKNOWN,Drawing,0.5615869335927958,4,cached_multimodal_doc_classifier_v4.pkl
C:\Users\ashu\Downloads\Import_5\Import_5\4870_13797.4870.01_domeyer\3) Drawings\10 3D-Drawing Aero Guard 20260303.pdf,UNKNOWN,UNKNOWN,Datasheet,0.6019114082103956,4,cached_multimodal_doc_classifier_v4.pkl
C:\Users\ashu\Downloads\Import_5\Import_5\4870_13797.4870.01_domeyer\4) Spare Parts Lists\01 Spare Parts List PE200-TE 20251023.pdf,UNKNOWN,UNKNOWN,Datasheet,0.3603065262048863,4,cached_multimodal_doc_classifier_v4.pkl
C:\Users\ashu\Downloads\Import_5\Import_5\4870_13797.4870.01_domeyer\4) Spare Parts Lists\02 Recommended Spare Parts PE200-TE 20251023.pdf,UNKNOWN,UNKNOWN,Datasheet,0.45208805440767974,4,cached_multimodal_doc_classifier_v4.pkl
C:\Users\ashu\Downloads\Import_5\Import_5\4870_13797.4870.01_domeyer\5) Maintenance Plan\01 Maintenance Manual PE200-TE 20250416.pdf,UNKNOWN,UNKNOWN,Manual,0.5864449071644577,4,cached_multimodal_doc_classifier_v4.pkl
C:\Users\ashu\Downloads\Import_5\Import_5\4870_13797.4870.01_domeyer\5) Maintenance Plan\02 Maintenance Manual B-Detection 20251106.pdf,UNKNOWN,UNKNOWN,Manual,0.4032536166349746,4,cached_multimodal_doc_classifier_v4.pkl
C:\Users\ashu\Downloads\Import_5\Import_5\4870_13797.4870.01_domeyer\5) Maintenance Plan\03 Maintenance Plan B-Detection Plus s 20251106.pdf,UNKNOWN,UNKNOWN,Datasheet,0.41444887730395563,4,cached_multimodal_doc_classifier_v4.pkl
C:\Users\ashu\Downloads\Import_5\Import_5\4870_13797.4870.01_domeyer\6) E-Plan\01 E-Plan PE 200-TE 20251023.pdf,UNKNOWN,UNKNOWN,Drawing,0.47022761852371564,4,cached_multimodal_doc_classifier_v4.pkl
C:\Users\ashu\Downloads\Import_5\Import_5\4870_13797.4870.01_domeyer\6) E-Plan\02 E-Plan_B-DETECTION PLUS s Phase II 20251106.pdf,UNKNOWN,UNKNOWN,Drawing,0.6546071834184027,4,cached_multimodal_doc_classifier_v4.pkl
C:\Users\ashu\Downloads\Import_5\Import_5\4870_13797.4870.01_domeyer\7) Certificates\24-664055_MY_Boardwalk.pdf,UNKNOWN,UNKNOWN,Datasheet,0.4130188349478234,4,cached_multimodal_doc_classifier_v4.pkl
C:\Users\ashu\Downloads\Import_5\Import_5\4870_13797.4870.01_domeyer\7) Certificates\Certificate_PE200-TE_24-664055.pdf,OK,Certificate,Certificate,0.7806110220065956,4,cached_multimodal_doc_classifier_v4.pkl
C:\Users\ashu\Downloads\Import_5\Import_5\4870_13797.4870.01_domeyer\7) Certificates\Prüfprozedur Atemluftkompressor MY Boardwalk 13797 4870 01 20241218.pdf,UNKNOWN,UNKNOWN,Certificate,0.4376187097916215,4,cached_multimodal_doc_classifier_v4.pkl
